-- phpMyAdmin SQL Dump
-- version 4.8.5
-- https://www.phpmyadmin.net/
--
-- Host: localhost:3307
-- Generation Time: Jun 28, 2020 at 07:46 PM
-- Server version: 5.7.24
-- PHP Version: 7.2.19

SET SQL_MODE = "NO_AUTO_VALUE_ON_ZERO";
SET AUTOCOMMIT = 0;
START TRANSACTION;
SET time_zone = "+00:00";


/*!40101 SET @OLD_CHARACTER_SET_CLIENT=@@CHARACTER_SET_CLIENT */;
/*!40101 SET @OLD_CHARACTER_SET_RESULTS=@@CHARACTER_SET_RESULTS */;
/*!40101 SET @OLD_COLLATION_CONNECTION=@@COLLATION_CONNECTION */;
/*!40101 SET NAMES utf8mb4 */;

--
-- Database: `project`
--

-- --------------------------------------------------------

--
-- Table structure for table `absences`
--

CREATE TABLE `absences` (
  `id` bigint(20) NOT NULL,
  `date_debut` date DEFAULT NULL,
  `date_fin` date DEFAULT NULL,
  `nb_jours` int(11) NOT NULL,
  `employee_id` bigint(20) NOT NULL,
  `id_annee` bigint(20) NOT NULL,
  `id_absence` bigint(20) NOT NULL
) ENGINE=InnoDB DEFAULT CHARSET=latin1;

--
-- Dumping data for table `absences`
--

INSERT INTO `absences` (`id`, `date_debut`, `date_fin`, `nb_jours`, `employee_id`, `id_annee`, `id_absence`) VALUES
(15884, '2020-04-30', '2020-05-05', 2, 160, 2020, 1),
(15885, '2020-04-30', '2020-05-08', 4, 160, 2020, 3);

-- --------------------------------------------------------

--
-- Table structure for table `absence_type`
--

CREATE TABLE `absence_type` (
  `id_absence` bigint(20) NOT NULL,
  `type` varchar(255) NOT NULL
) ENGINE=InnoDB DEFAULT CHARSET=latin1;

--
-- Dumping data for table `absence_type`
--

INSERT INTO `absence_type` (`id_absence`, `type`) VALUES
(1, 'congé administratif'),
(2, 'congé maladie'),
(3, 'congé exceptionnel'),
(4, 'congé maternité'),
(5, 'mise à disposition ');

-- --------------------------------------------------------

--
-- Table structure for table `affecter_echelon`
--

CREATE TABLE `affecter_echelon` (
  `id` bigint(20) NOT NULL,
  `employee_id` bigint(20) NOT NULL,
  `id_echelon` int(11) NOT NULL,
  `date_affectation` date NOT NULL,
  `note_moyenne` float NOT NULL
) ENGINE=InnoDB DEFAULT CHARSET=latin1;

--
-- Dumping data for table `affecter_echelon`
--

INSERT INTO `affecter_echelon` (`id`, `employee_id`, `id_echelon`, `date_affectation`, `note_moyenne`) VALUES
(161, 160, 112, '2019-06-26', 16),
(5062, 5061, 119, '2018-06-10', 17),
(16111, 160, 113, '2020-06-27', 16);

-- --------------------------------------------------------

--
-- Table structure for table `affecter_type_avancements`
--

CREATE TABLE `affecter_type_avancements` (
  `id_echelon` int(11) NOT NULL,
  `type` bigint(20) NOT NULL,
  `id` int(11) NOT NULL
) ENGINE=InnoDB DEFAULT CHARSET=latin1;

--
-- Dumping data for table `affecter_type_avancements`
--

INSERT INTO `affecter_type_avancements` (`id_echelon`, `type`, `id`) VALUES
(1, 1, 1),
(1, 13, 2),
(1, 25, 3),
(2, 2, 4),
(2, 14, 5),
(2, 26, 6),
(3, 3, 7),
(3, 15, 8),
(3, 27, 9),
(4, 4, 10),
(4, 16, 11),
(4, 28, 12),
(5, 5, 13),
(5, 17, 14),
(5, 29, 15),
(6, 6, 16),
(6, 18, 17),
(6, 30, 18),
(7, 7, 19),
(7, 19, 20),
(7, 31, 21),
(8, 8, 22),
(8, 20, 23),
(8, 32, 24),
(9, 9, 25),
(9, 21, 26),
(9, 33, 27),
(10, 10, 28),
(10, 22, 29),
(10, 34, 30),
(11, 11, 31),
(11, 23, 32),
(11, 35, 33),
(12, 12, 34),
(12, 24, 35),
(12, 36, 36),
(14, 37, 37),
(14, 47, 38),
(14, 57, 39),
(15, 38, 40),
(15, 48, 41),
(15, 58, 42),
(16, 39, 43),
(16, 49, 44),
(16, 59, 45),
(17, 50, 47),
(17, 60, 48),
(18, 41, 49),
(18, 51, 50),
(18, 61, 51),
(19, 42, 52),
(19, 52, 53),
(19, 62, 54),
(20, 43, 55),
(20, 53, 56),
(20, 63, 57),
(21, 44, 58),
(21, 54, 59),
(21, 64, 60),
(23, 45, 61),
(23, 55, 62),
(23, 65, 63),
(24, 46, 64),
(24, 56, 65),
(24, 66, 66),
(26, 37, 67),
(26, 47, 68),
(26, 57, 69),
(27, 38, 70),
(27, 48, 71),
(27, 58, 72),
(28, 39, 73),
(28, 49, 74),
(28, 59, 75),
(29, 40, 76),
(29, 50, 77),
(29, 60, 78),
(30, 41, 79),
(30, 51, 80),
(30, 61, 81),
(31, 42, 82),
(31, 52, 83),
(31, 62, 84),
(32, 43, 85),
(32, 53, 86),
(32, 63, 87),
(33, 44, 88),
(33, 54, 89),
(33, 64, 90),
(34, 45, 91),
(34, 55, 92),
(34, 65, 93),
(36, 37, 94),
(36, 47, 95),
(36, 57, 96),
(37, 12, 97),
(37, 24, 98),
(37, 36, 99),
(38, 39, 100),
(38, 49, 101),
(38, 59, 102),
(39, 40, 103),
(39, 50, 104),
(39, 60, 105),
(40, 41, 106),
(40, 51, 107),
(40, 61, 108),
(41, 42, 109),
(41, 52, 110),
(41, 62, 111),
(42, 43, 112),
(42, 53, 113),
(42, 63, 114),
(43, 44, 115),
(43, 54, 116),
(43, 64, 117),
(44, 45, 118),
(44, 55, 119),
(44, 65, 120),
(90, 90, 241),
(90, 94, 242),
(90, 98, 243),
(91, 91, 244),
(91, 95, 245),
(91, 99, 246),
(92, 92, 247),
(92, 96, 248),
(92, 100, 249),
(93, 93, 250),
(93, 97, 251),
(93, 101, 252),
(95, 75, 253),
(95, 80, 254),
(95, 85, 255),
(96, 76, 256),
(96, 81, 257),
(96, 86, 258),
(97, 77, 259),
(97, 82, 260),
(97, 87, 261),
(98, 78, 262),
(98, 83, 263),
(98, 88, 264),
(99, 79, 265),
(99, 84, 266),
(99, 89, 267),
(101, 67, 268),
(102, 68, 269),
(103, 69, 270),
(104, 70, 271),
(105, 71, 272),
(107, 67, 273),
(108, 68, 274),
(109, 69, 275),
(110, 70, 276),
(112, 90, 277),
(112, 94, 278),
(112, 98, 279),
(113, 91, 280),
(113, 95, 281),
(113, 99, 282),
(114, 92, 283),
(114, 96, 284),
(114, 100, 285),
(115, 93, 286),
(115, 97, 287),
(115, 101, 288),
(117, 90, 289),
(117, 94, 290),
(117, 98, 291),
(118, 91, 292),
(118, 95, 293),
(118, 99, 294),
(119, 92, 295),
(119, 96, 296),
(119, 100, 297),
(120, 93, 298),
(120, 97, 299),
(120, 101, 300),
(122, 75, 301),
(122, 80, 302),
(122, 85, 303),
(123, 76, 304),
(123, 81, 305),
(123, 86, 306),
(124, 77, 307),
(124, 82, 308),
(124, 87, 309),
(125, 78, 310),
(125, 83, 311),
(125, 88, 312),
(126, 79, 313),
(126, 84, 314),
(126, 89, 315),
(128, 67, 316),
(129, 68, 317),
(130, 69, 318),
(131, 70, 319),
(132, 71, 320),
(134, 67, 321),
(135, 68, 322),
(136, 69, 323),
(137, 70, 324),
(159, 67, 345),
(160, 68, 346),
(161, 69, 347),
(162, 70, 348),
(163, 71, 349),
(165, 37, 350),
(165, 47, 351),
(165, 57, 352),
(166, 38, 353),
(166, 48, 354),
(166, 58, 355),
(167, 39, 356),
(167, 49, 357),
(167, 59, 358),
(168, 40, 359),
(168, 50, 360),
(168, 60, 361),
(169, 41, 362),
(169, 51, 363),
(169, 61, 364),
(170, 42, 365),
(170, 52, 366),
(170, 62, 367),
(171, 43, 368),
(171, 53, 369),
(171, 63, 370),
(172, 44, 371),
(172, 54, 372),
(172, 64, 373),
(173, 45, 374),
(173, 55, 375),
(173, 65, 376),
(174, 46, 377),
(174, 56, 378),
(174, 66, 379),
(176, 37, 380),
(176, 47, 381),
(176, 57, 382),
(177, 38, 383),
(177, 48, 384),
(177, 58, 385),
(178, 39, 386),
(178, 49, 387),
(178, 59, 388),
(179, 40, 389),
(179, 50, 390),
(179, 60, 391),
(180, 41, 392),
(180, 51, 393),
(180, 61, 394),
(181, 42, 395),
(181, 52, 396),
(181, 62, 397),
(182, 43, 398),
(182, 53, 399),
(182, 63, 400),
(183, 44, 401),
(183, 54, 402),
(183, 64, 403),
(184, 45, 404),
(184, 55, 405),
(184, 65, 406),
(185, 46, 407),
(185, 56, 408),
(185, 66, 409),
(217, 37, 491),
(217, 47, 492),
(217, 57, 493),
(218, 38, 494),
(218, 48, 495),
(218, 58, 496),
(219, 39, 497),
(219, 49, 498),
(219, 59, 499),
(220, 40, 500),
(220, 50, 501),
(220, 60, 502),
(221, 41, 503),
(221, 51, 504),
(221, 61, 505),
(222, 42, 506),
(222, 52, 507),
(222, 62, 508),
(223, 43, 509),
(223, 53, 510),
(223, 63, 511),
(224, 44, 512),
(224, 54, 513),
(224, 64, 514),
(225, 45, 515),
(225, 55, 516),
(225, 65, 517),
(227, 37, 518),
(227, 47, 519),
(227, 57, 520),
(228, 38, 521),
(228, 48, 522),
(228, 58, 523),
(229, 39, 524),
(229, 49, 525),
(229, 59, 526),
(230, 40, 527),
(230, 50, 528),
(230, 60, 529),
(231, 41, 530),
(231, 51, 531),
(231, 61, 532),
(232, 42, 533),
(232, 52, 534),
(232, 62, 535),
(233, 43, 536),
(233, 53, 537),
(233, 63, 538),
(234, 44, 539),
(234, 54, 540),
(234, 64, 541),
(235, 45, 542),
(235, 55, 543),
(235, 65, 544),
(237, 37, 545),
(237, 47, 546),
(237, 57, 547),
(238, 38, 548),
(238, 48, 549),
(238, 58, 550),
(239, 39, 551),
(239, 49, 552),
(239, 59, 553),
(240, 40, 554),
(240, 50, 555),
(240, 60, 556),
(241, 41, 557),
(241, 51, 558),
(241, 61, 559),
(242, 42, 560),
(242, 52, 561),
(242, 62, 562),
(243, 43, 563),
(243, 53, 564),
(243, 63, 565),
(244, 44, 566),
(244, 54, 567),
(244, 64, 568),
(245, 45, 569),
(245, 55, 570),
(245, 65, 571),
(247, 75, 572),
(247, 80, 573),
(247, 85, 574),
(248, 76, 575),
(248, 81, 576),
(248, 86, 577),
(249, 77, 578),
(249, 82, 579),
(249, 87, 580),
(250, 78, 581),
(250, 83, 582),
(250, 88, 583),
(251, 79, 584),
(251, 84, 585),
(251, 89, 586);

-- --------------------------------------------------------

--
-- Table structure for table `annees`
--

CREATE TABLE `annees` (
  `id_annee` bigint(20) NOT NULL
) ENGINE=InnoDB DEFAULT CHARSET=latin1;

--
-- Dumping data for table `annees`
--

INSERT INTO `annees` (`id_annee`) VALUES
(2001),
(2002),
(2003),
(2004),
(2005),
(2006),
(2007),
(2008),
(2009),
(2010),
(2011),
(2012),
(2013),
(2014),
(2015),
(2016),
(2017),
(2018),
(2019),
(2020),
(2021),
(2022),
(2023),
(2024),
(2025),
(2026),
(2027),
(2028),
(2029),
(2030),
(2031),
(2032),
(2033),
(2034),
(2035),
(2036),
(2037),
(2038),
(2039),
(2040);

-- --------------------------------------------------------

--
-- Table structure for table `cadre`
--

CREATE TABLE `cadre` (
  `id_cadre` int(11) NOT NULL,
  `lib_cadre` varchar(255) NOT NULL,
  `decret` varchar(255) NOT NULL
) ENGINE=InnoDB DEFAULT CHARSET=latin1;

--
-- Dumping data for table `cadre`
--

INSERT INTO `cadre` (`id_cadre`, `lib_cadre`, `decret`) VALUES
(1, 'Technicien', 'Vu le décret n° 2-05-27 du 29 Chaoual 1426 (02 Décembre 2005) portant statut interministériel des techniciens'),
(2, 'Ingénieur', 'Vu le décret n°2-11-471 du 15 choual 1432(14 Septembre2011) portant statut particulier des Ingénieurs et des Architectes interministériels'),
(4, 'Administrateur', ''),
(6, 'Architecte', 'Vu le décret n°2-11-471 du 15 choual 1432(14 Septembre2011) portant statut particulier des Ingénieurs et des Architectes interministériels'),
(9, 'Adjoint administratif', 'Vu le décret n° 2-10-453 du 20 dil kiada 1431 (29 Octobre 2010) qu’il a été modifié  et complété par le décret N°2-14-417 du 26 chaabane 1435 (24 juin 2014) portant statut particulier des Adjoints Administratifs Interministériels');

-- --------------------------------------------------------

--
-- Table structure for table `caisse_retraite`
--

CREATE TABLE `caisse_retraite` (
  `id_caisse` bigint(20) NOT NULL,
  `libelle` varchar(255) NOT NULL
) ENGINE=InnoDB DEFAULT CHARSET=latin1;

--
-- Dumping data for table `caisse_retraite`
--

INSERT INTO `caisse_retraite` (`id_caisse`, `libelle`) VALUES
(1, 'Régime Collectif d\'Allocation de Retraite (R.C.A.R)'),
(2, 'Caisse Marocaine de Retraites (CMR)');

-- --------------------------------------------------------

--
-- Table structure for table `demandes`
--

CREATE TABLE `demandes` (
  `id` bigint(20) NOT NULL,
  `type` varchar(255) NOT NULL,
  `motif` varchar(255) NOT NULL,
  `status` varchar(255) NOT NULL,
  `employee_id` bigint(20) NOT NULL,
  `created_at` datetime NOT NULL,
  `updated_at` datetime DEFAULT NULL
) ENGINE=InnoDB DEFAULT CHARSET=latin1;

--
-- Dumping data for table `demandes`
--

INSERT INTO `demandes` (`id`, `type`, `motif`, `status`, `employee_id`, `created_at`, `updated_at`) VALUES
(7299, 'Attestation de travail', 'motif', 'approuvé', 160, '2020-06-23 02:28:30', '2020-06-27 02:16:32');

-- --------------------------------------------------------

--
-- Table structure for table `echelle`
--

CREATE TABLE `echelle` (
  `id_echelon` int(11) NOT NULL,
  `lib_echelle` varchar(255) DEFAULT NULL
) ENGINE=InnoDB DEFAULT CHARSET=latin1;

--
-- Dumping data for table `echelle`
--

INSERT INTO `echelle` (`id_echelon`, `lib_echelle`) VALUES
(5, '5'),
(6, '6'),
(7, '7'),
(8, '8'),
(9, '9'),
(10, '10'),
(11, '11'),
(12, 'Hors echelle');

-- --------------------------------------------------------

--
-- Table structure for table `echelon`
--

CREATE TABLE `echelon` (
  `id_echelon` int(11) NOT NULL,
  `lib_echelon` varchar(255) NOT NULL,
  `indice` int(11) NOT NULL,
  `id_grade` int(11) NOT NULL,
  `id_cadre` int(11) NOT NULL,
  `id_echelle` int(11) NOT NULL,
  `precedent` int(11) NOT NULL,
  `suivant` int(11) NOT NULL
) ENGINE=InnoDB DEFAULT CHARSET=latin1;

--
-- Dumping data for table `echelon`
--

INSERT INTO `echelon` (`id_echelon`, `lib_echelon`, `indice`, `id_grade`, `id_cadre`, `id_echelle`, `precedent`, `suivant`) VALUES
(1, '1', 336, 1, 1, 11, 2, -1),
(2, '2', 369, 1, 1, 11, 3, 1),
(3, '3', 403, 1, 1, 11, 4, 2),
(4, '4', 436, 1, 1, 11, 5, 3),
(5, '5', 472, 1, 1, 11, 6, 4),
(6, '6', 509, 1, 1, 11, 7, 5),
(7, '7', 542, 1, 1, 11, 8, 6),
(8, '8', 574, 1, 1, 11, 9, 7),
(9, '9', 606, 1, 1, 11, 10, 8),
(10, '10', 639, 1, 1, 11, 11, 9),
(11, '11', 675, 1, 1, 11, 12, 10),
(12, '12', 690, 1, 1, 11, 13, 11),
(13, '13', 704, 1, 1, 11, -1, 12),
(14, '1', 275, 2, 1, 10, 15, -1),
(15, '2', 300, 2, 1, 10, 16, 14),
(16, '3', 326, 2, 1, 10, 17, 15),
(17, '4', 351, 2, 1, 10, 18, 16),
(18, '5', 377, 2, 1, 10, 19, 17),
(19, '6', 402, 2, 1, 10, 20, 18),
(20, '7', 428, 2, 1, 10, 21, 19),
(21, '8', 456, 2, 1, 10, 23, 20),
(23, '9', 484, 2, 1, 10, 24, 21),
(24, '10', 512, 2, 1, 10, 25, 23),
(25, '11', 564, 2, 1, 10, -1, 24),
(26, '1', 235, 3, 1, 9, 27, -1),
(27, '2', 253, 3, 1, 9, 28, 26),
(28, '3', 274, 3, 1, 9, 29, 27),
(29, '4', 296, 3, 1, 9, 30, 28),
(30, '5', 317, 3, 1, 9, 31, 29),
(31, '6', 339, 3, 1, 9, 32, 30),
(32, '7', 361, 3, 1, 9, 33, 31),
(33, '8', 382, 3, 1, 9, 34, 32),
(34, '9', 404, 3, 1, 9, 35, 33),
(35, '10', 438, 3, 1, 9, -1, 34),
(36, '1', 207, 4, 1, 8, 37, -1),
(37, '2', 224, 4, 1, 8, 38, 36),
(38, '3', 241, 4, 1, 8, 39, 37),
(39, '4', 259, 4, 1, 8, 40, 38),
(40, '5', 276, 4, 1, 8, 41, 39),
(41, '6', 293, 4, 1, 8, 42, 40),
(42, '7', 311, 4, 1, 8, 43, 41),
(43, '8', 332, 4, 1, 8, 44, 42),
(44, '9', 353, 4, 1, 8, 45, 43),
(45, '10', 373, 4, 1, 8, -1, 44),
(90, '1', 336, 9, 2, 11, 91, -1),
(91, '2', 369, 9, 2, 11, 92, 90),
(92, '3', 403, 9, 2, 11, 93, 91),
(93, '4', 436, 9, 2, 11, 94, 92),
(94, '5', 472, 9, 2, 11, -1, 93),
(95, '1', 509, 10, 2, 11, 96, -1),
(96, '2', 542, 10, 2, 11, 97, 95),
(97, '3', 574, 10, 2, 11, 98, 96),
(98, '4', 606, 10, 2, 11, 99, 97),
(99, '5', 639, 10, 2, 11, 100, 98),
(100, '6', 704, 10, 2, 11, -1, 99),
(101, '1', 704, 11, 2, 12, 102, -1),
(102, '2', 746, 11, 2, 12, 103, 101),
(103, '3', 779, 11, 2, 12, 104, 102),
(104, '4', 812, 11, 2, 12, 105, 103),
(105, '5', 840, 11, 2, 12, 106, 104),
(106, '6', 870, 11, 2, 12, -1, 5),
(107, '1', 870, 12, 2, 12, 108, -1),
(108, '2', 900, 12, 2, 12, 109, 107),
(109, '3', 930, 12, 2, 12, 110, 109),
(110, '4', 960, 12, 2, 12, 111, 109),
(111, '5', 990, 12, 2, 12, -1, 110),
(112, '1', 275, 33, 2, 10, 113, -1),
(113, '2', 300, 33, 2, 10, 114, 112),
(114, '3', 326, 33, 2, 10, 115, 113),
(115, '4', 351, 33, 2, 10, 116, 114),
(116, '5', 377, 33, 2, 10, -1, 115),
(117, '1', 336, 13, 6, 11, 118, -1),
(118, '2', 369, 13, 6, 11, 119, 117),
(119, '3', 403, 13, 6, 11, 120, 118),
(120, '4', 436, 13, 6, 11, 121, 119),
(121, '5', 472, 13, 6, 11, -1, 120),
(122, '1', 509, 14, 6, 11, 123, -1),
(123, '2', 542, 14, 6, 11, 124, 122),
(124, '3', 574, 14, 6, 11, 125, 123),
(125, '4', 606, 14, 6, 11, 126, 124),
(126, '5', 639, 14, 6, 11, 127, 125),
(127, '6', 704, 14, 6, 11, -1, 126),
(128, '1', 704, 15, 6, 12, 129, -1),
(129, '2', 746, 15, 6, 12, 130, 128),
(130, '3', 779, 15, 6, 12, 131, 129),
(131, '4', 812, 15, 6, 12, 132, 130),
(132, '5', 840, 15, 6, 12, 133, 131),
(133, '6', 870, 15, 6, 12, -1, 132),
(134, '1', 870, 16, 6, 12, 135, -1),
(135, '2', 900, 16, 6, 12, 136, 134),
(136, '3', 930, 16, 6, 12, 137, 135),
(137, '4', 960, 16, 6, 12, 138, 136),
(138, '5', 990, 16, 6, 12, -1, 137),
(159, '1', 704, 17, 4, 12, 160, -1),
(160, '2', 746, 17, 4, 12, 161, 159),
(161, '3', 779, 17, 4, 12, 162, 160),
(162, '4', 812, 17, 4, 12, 163, 161),
(163, '5', 840, 17, 4, 12, 164, 162),
(164, '6', 870, 17, 4, 12, -1, 163),
(165, '1', 336, 18, 4, 11, 166, -1),
(166, '2', 369, 18, 4, 11, 167, 165),
(167, '3', 403, 18, 4, 11, 168, 166),
(168, '4', 436, 18, 4, 11, 169, 167),
(169, '5', 472, 18, 4, 11, 170, 168),
(170, '6', 509, 18, 4, 11, 171, 169),
(171, '7', 542, 18, 4, 11, 172, 170),
(172, '8', 574, 18, 4, 11, 173, 171),
(173, '9', 606, 18, 4, 11, 174, 172),
(174, '10', 639, 18, 4, 11, 175, 173),
(175, '11', 704, 18, 4, 11, -1, 174),
(176, '1', 275, 19, 4, 10, 177, -1),
(177, '2', 300, 19, 4, 10, 178, 176),
(178, '3', 326, 19, 4, 10, 179, 177),
(179, '4', 351, 19, 4, 10, 180, 178),
(180, '5', 377, 19, 4, 10, 181, 179),
(181, '6', 402, 19, 4, 10, 182, 180),
(182, '7', 428, 19, 4, 10, 183, 181),
(183, '8', 456, 19, 4, 10, 184, 182),
(184, '9', 484, 19, 4, 10, 185, 183),
(185, '10', 512, 19, 4, 10, 186, 184),
(186, '11', 564, 19, 4, 10, -1, 185),
(217, '1', 207, 27, 9, 8, 218, -1),
(218, '2', 224, 27, 9, 8, 219, 217),
(219, '3', 241, 27, 9, 8, 220, 218),
(220, '4', 259, 27, 9, 8, 221, 219),
(221, '5', 276, 27, 9, 8, 222, 220),
(222, '6', 293, 27, 9, 8, 223, 221),
(223, '7', 311, 27, 9, 8, 224, 222),
(224, '8', 332, 27, 9, 8, 225, 223),
(225, '9', 353, 27, 9, 8, 226, 224),
(226, '10', 373, 27, 9, 8, -1, 225),
(227, '1', 177, 28, 9, 7, 228, -1),
(228, '2', 193, 28, 9, 7, 229, 227),
(229, '3', 208, 28, 9, 7, 230, 228),
(230, '4', 225, 28, 9, 7, 231, 229),
(231, '5', 242, 28, 9, 7, 232, 230),
(232, '6', 260, 28, 9, 7, 233, 231),
(233, '7', 277, 28, 9, 7, 234, 232),
(234, '8', 332, 28, 9, 7, 235, 233),
(235, '9', 353, 28, 9, 7, 236, 234),
(236, '10', 373, 28, 9, 7, -1, 235),
(237, '1', 153, 29, 9, 6, 238, -1),
(238, '2', 161, 29, 9, 6, 239, 237),
(239, '3', 173, 29, 9, 6, 240, 238),
(240, '4', 185, 29, 9, 6, 241, 239),
(241, '5', 197, 29, 9, 6, 242, 240),
(242, '6', 209, 29, 9, 6, 243, 241),
(243, '7', 222, 29, 9, 6, 244, 242),
(244, '8', 236, 29, 9, 6, 245, 243),
(245, '9', 249, 29, 9, 6, 246, 244),
(246, '10', 262, 29, 9, 6, -1, 245),
(247, '1', 402, 34, 2, 10, 248, -1),
(248, '2', 428, 34, 2, 10, 249, 247),
(249, '3', 460, 34, 2, 10, 250, 248),
(250, '4', 484, 34, 2, 10, 251, 249),
(251, '5', 512, 34, 2, 10, 252, 250),
(252, '6', 564, 34, 2, 10, -1, 251);

-- --------------------------------------------------------

--
-- Table structure for table `employees`
--

CREATE TABLE `employees` (
  `id` bigint(20) NOT NULL,
  `cin` varchar(255) NOT NULL,
  `last_name` varchar(255) NOT NULL,
  `first_name` varchar(255) NOT NULL,
  `email_id` varchar(255) DEFAULT NULL,
  `adresse` varchar(255) DEFAULT NULL,
  `etat` varchar(255) DEFAULT NULL,
  `grade` varchar(255) DEFAULT NULL,
  `nationalite` varchar(255) DEFAULT NULL,
  `tel` varchar(255) DEFAULT NULL,
  `ville` varchar(255) DEFAULT NULL,
  `date_embauche` date DEFAULT NULL,
  `date_naissance` date DEFAULT NULL,
  `diplome` varchar(255) NOT NULL,
  `gendre` varchar(255) DEFAULT NULL,
  `image` longblob,
  `salaire` double NOT NULL,
  `service_id` bigint(20) NOT NULL
) ENGINE=InnoDB DEFAULT CHARSET=latin1;

--
-- Dumping data for table `employees`
--

INSERT INTO `employees` (`id`, `cin`, `last_name`, `first_name`, `email_id`, `adresse`, `etat`, `grade`, `nationalite`, `tel`, `ville`, `date_embauche`, `date_naissance`, `diplome`, `gendre`, `image`, `salaire`, `service_id`) VALUES
(160, 'N414111', 'ARJANE', 'Khadija', 'arjane.khadija97@gmail.com', 'Numero de boite postal 1105 Essaouira', 'C', 'Ingénieur d\'application principale', 'Marocaine', '0680624249', 'Essaouira', '2020-06-09', '2020-06-12', 'Génie Informatique', 'Femme', 0x646174613a696d6167652f706e673b6261736536342c6956424f5277304b47676f414141414e5355684555674141414e63414141445843414d414141432b6f7a5348414141444146424d5645582f2f2f2b5662574679505331315069326f567a764159304b32586a2b4c53544f4d59565474357554323876463751532b78577a3273575479346e7061415244433759454357546a5a365354724b74712b6d68587568557a6d776b596a6b32396547527a4b50537a54637a737144565565355830432b5955475a55446134587a367457547976576a79646532327a58443264556a693162316176614537566d58766a706f536b5654727274356a3878715435777037526e59443979616155594575655a6c423851692f61706f6530656d484a6c58714254547a417136533467326c3551433731774a3645525447535444576e6356714d56305069724a48537737313652545043696d2b7465574f53584566717349364f55547a48656c767676703332764a6d6a616c504f68326a4b6b58617759556279745a4431755a623175706633765a7277723476696c3348656a326a485a547a56666c625868467a7a74704c5264302f737159583275356a4b616b48676c473753656c4c4e6230666d6e6e6e7070482f6a6d58547572496a686c33445064457a797335446269575034774a7a78736f362f6b6e654961316c56526a78775755716c67577668744a58476e34534f64574e424c6963784a694a544d535a70504370654e696978694738684953465854455a3359564d374e54424b506a59674943427561575a625731704c53307338504477754c437572696e5761673358417170584a73614c3532636274713462717671726e7571587478624c7a7a377632314d4c6677724f6f6d59794d6633686d566b792f6c3333537034742b65485753686e37737a3848787937664a70706d336e4a54426757713369336b394a782f69735a7a2b344d7a2b3439462f616c765671357a6a7a4d4b396f4a625270706132714a662b337369786f354b626a34694c62567659756179766e6f71556246315855457a39372b624977622b57693454392b2f6e743173333034646a5779386555655769346c6f764b6e6f2b31744c5446753758676f49765430744b706d5957686b59444f6e595837784b4838794b566a55556264316444693465482b364e72322b506e373976542b394f332b334d583931377a78385044397a61332b354e4c39306254397a4b767377366d385944765968463342596a7a44597a7a39326348426c346e4b312b4857344f626936652f753876624a304e62387636477a6632374477385438734a72376f4a54376e5a4c316d342f3770706a38755a373876376a3874362b575a5662393139505069486a63686e374e664858736b6f6a6a69344c5367486a42644733686a6f503772715769636d4f6d70615a33526a6949694967654868345245524555464253576c7059594742675a47526b57466859534568496147686f634842776949694962477873524f6b58544141416731456c455156523441635455313545454d51684655667070615539376a66655466347a7239552b56334d6e67536742354b6d412b4f4b797941757147636d7072644430484a783077354d3061533435676d6e4e396d6375614f41345a73617955523751733932556235624246796e4b7351643153636a75596e71507152797837536d794e6d4f564d682b526865384279664566676c5051556e6a477a7a75584b486d3570663678417853725858753773343567796245436e4f345854512b544a2b63505579795773635a636656392b77564f652b78737a364c436e5a4e3678494e49586a704d2f79486b5365526d775558374f675a34574c4f4a4e766d4d464b306230774b302b4738325a5067715768794534776d76662f6f745538654275466c696973642b7a464b5a3441656373754a48455462456d374c716c4f7462663333662f2f613937444930596d5132776b4c6b636c506562546d546e33674e775a6b4b6a2f6f716f53624e51654775574b526b7970336a51705661387957496964756e74685748713533723537333630386943796e6763326143785374474437354a4632757736506a452b6169546d57776f4e354a334547346773685a6e6b4c2f31426a54716e7145695670315a754c574c676f76736365546c75572f52305442305078666f32623149347a6c59486572527275695169773657487a49754e70457a66456b3554727a717839685575313336725a4c5966454378573278693170446b2b6f307248364579656b73687456746c3244525973636f467273436e4a74556b775a7a39547357444b757454685861645a44746a304d4f5a77675275526547685553536f374b32613872365332305844783074426e4241546861475071344d36794b795533343536312f567772577643792b66564f53775451655a5864655947745a6f4c4f5733756e6a443671346155674f5a792b4672547a39324d544b47645956444f386e4247335a5a79304f4e5a6e454e5a4b4d474b52642f64446b31556b33673230734f442f74313350317636384f53574236506e3866376467675945573749586e4a4565463344632b756749444f457138636655676476635764453979423779644730482f566261486946793956734c5942695971342b305a6a486b4855463332707931423379736c79337a4a557965746b59546f336f4153485a537734666a7a574876447a4175493457514f77494831346a7336525a6734686c49546e61746766784e634c436b34735370467938616d786269506b79317832365a4c467a374e6164476d31614b455353416a6e4d78596679777a4c584b554b4c7965466a7a3236546233697137544a5779755877726a6d4c37324c4751486f515052754a2b4d707531346830466a4a5779685576596f507845677a7a58422f675730774f624e6a74476c53556852466d6f3552726b4d346634306e6e465433414c5a7363766656636f63315376346c4730596b634e48422b6c58495254325737733241394e336e643437426b637354652b6f356f387a6e487a744e6e764479465977774e632f48586c4f4c6559474c794f6b654c57494d316872585854797068782b624430485a424c2f51784f7a4a7a334a496f6e553458356f6d6d6b687a5557384f312f6f787a384a2b614b713863586466704a6b30515555366179397a424c786631625132757441324c37326c49436b4c447834564a75554c4b3658716f754937676c6f763676675a5861746e7239507477636e59524179774359677158636f4c6d4d6b4d6b784a4a354c6879344d6d5572776157314d58514c6d6b6143437a35326b5245316e2b5761614d4f63496f41795a787a685a52316a4b4864644e35697a4677694955353839775a335275686644346f7972434b44556654553236716e79624e63685a6c4f7545316b672b676d50353558524f6c566e7330646549646636354842525178724b37556d4544396b6c3378422f68376c63345372614d444773553353596c5772486b61587165776c6648386b6b7258304b4e486b77623457726a4745444a6c5263354e5566484e494e6c563042376d563334444e5178486a4d705133723567324c4332705671585a4d646972394671433369317151466a6948793177386a39476f6b47754336377868586f4531356471786e636278694a594f513270674b6a554a3347732f386f5866446b3268526f6a796867313058797a586a6c3359546e6d784b3847534b336663613639347a784c68556933784d4865477858726d797431587437427075664f4b5853464f6c3274534979576138775931373032787275446d536f656e5533316c4f35616837574c50796e4e442f647961726d665433423178616c6a574642744753774b476453444a3276635546334e727865705778647036645969563545764639434c644d494d474279496a617a3277723349663571686273705874574767644730317142346d7953394a51726e6a6d45706b52442b4c74784b796352496d4f6a6a4a6e31547550764c344b5247756e567a3862517a7a785a444b3770552f6e504969424d4b766f7545653037456a4d3861645371544471505a4a7668767656755142314a744f683775796e732b4439644d61426636574a784664305a524a6c724433467051334c46636f4956702f7a79737665597134762b664d584d3263373370706e4e556357396d332b6838796f75507164416937485969442b4637354b44584c78795368396666504e44426642304431354875774f3479614a4a56374f485536533538356d683559433862463662415176314b76696f756a4b70392f4d3053774e2f4f5a37593161735743696e6c4a546f6e754c53686a6b3045467578597a4d3242735471347276696b746f65454e45503837794f5a674c6d796361534a7774636242677a792b66566d2b382b3942693238464e78795a714654614a665a6f5565424b7a767955594e7041754c595a727255494a6a75334c515931753944356e472b46544d78666c42524c2f5867506c43342b5572426f6d6f703767532b565a5939564841486b4a314b4250752f32677530634f49364a315a70584d49475039586b7577596b4769677547356c4e6e3155626c46645651595366462f465a5937653068657a44697a4a614c7963507a487044524f75714331424433737453693467776e776c6c356d2b5551756d7742704264764743346b6b67716b686b72706273484f4631315a737655696e76346e3265533450392b467361724e645a3576446f57634d6363716b6a5848745659373674756b426a396f653556756a59724e476467486b4f6b635149513272446d4373346b4b422f724d716c3175735148356d726d675373372f5758775072614d4f454b66666c4731594e3546327139756a686a4c6d74677647484e425a684d68617231486b577457494b2b49686463745634526676373538382f59424675594641517057457973684f4d797a2b554f684f746c5261347766337078624e6a684d6b5075774a6c6141624759556a4a5375487949675836317772484a584c6b543878702f4c48464e37334e677a66457957436731524c67534a466c77644b747837534753324d69456a302b342f6b654c4f54424a44675542754b3654745a32636264763233557456754c5a7465332f35645965647248666566637678664e4e4d37707157375842637a326f386d6c6736596c656a46736e4f396c65793962514f346f336a616d474f5875657a62614d4f486e4b765271764a325a4d6d387768697a5655704d5a324a33617249626c50346b57716c3851435434735861526857315136506c50764854626b574456746531322b77457237334449546f36442b6d615861376a764947584c4567564c78504c3131637a3679394f7a6b63582f357558686c7355676d2f4c644f6e4e3231316d6f386869646e734f475676376d393231576833694337416771532b543846553979677a6e693969793150425376687776766d334144642f724a316f3132543243777a46374f77374b7869376671713958694639637245354a784635573865464d623047442b464146477552345859724c43777a43616e5738546e45773357526d37526b736a364a706d344a4969624743652f4e535a51456a4c7833304b35485861546c657965742b524b762b396c61765378794b6e366c37655647764753437233574a76596a465630646c774a712b7238447271497956537650673567432b6f316545326979505261335875355958423473482b424643566a4f6459724542522b5461566a367570456c33515a4869784e6c2b4258755a415a374d706a6f54426254694467764f4569326e77386c61345957733859506c55334c664f686c34664a4869784530554162773354474171396e673454703061493054305947352f5930327079616a544e394d7a4d3950547348504778414f626e745675424952764f354655425661466b52626b55722f7a344941584846394a6a4c6f794e4c6836467063732f736c4c4c4b34744859475961734e6259634b366b6e6273672f462b583633553139487138756861797549692f52706549646362477875625731765961736254447253616d364671666c6132747059515643746e304444306a505355784d7774563858416d722f4d6f366864596671356556656c7458672b387676366a33617a6630306a43414579586e42394e33643256352b72795139316c51756f756b5363513558526a4a7a467343524968466177706243687864376d722b37393033387a73644b6e623971306d6d512f6d3357397368316d696c5738734b53307a6d5579627a426558576177534670744e454f776d54506c34682f4d665574446c706b6d724d4f595759676f7171385a586d324951424d4654632b564b7a56574e5a73336174646447705764634c385438716d5a6a5066474b347a67366e3830484c795875553969302f413331796972457545794133574d35636548384675764c654b3057442f7a5135792f504c79515575597a4741457579792b37332b366d507a5761786569564162496447637a5749715845556b597a464468316b363349426159687a4666614b7831347244526d6b7175556d797162446877563233516c3275324344326c704d5550306256437957504a3866384a6b384670437843444b65326c477234724158467675544a757a335753396149686c4a70754b474f464f7a344174345a64414f384b664861684d7775354b50346e59494a6a63787753444e6c7543786571442b6f56653138734e2b6a4e304b706579514d517472762f4271317a6a316a71416b566b5337373239737a357365696f374844584732556c37794d452b38436a466c6673464c4f485873764c5738746a516b31684845554d68786f39707267367959734143705832356d4a424c4a494132786847725a776e3654594c4865716930744c585541306471615950444133436e3174546570574150312b6e307332394d687a364f7136536278462f5479516f613241465a626f3072564a4971685a6b706453485130715670617264674b7750584c50344d513635633166676d5478644b6d617138545251634c44426b37576d2f56646e62647844676c4c326e5638534e704e427535695443647a5155765254354f59617665474b2b2f505673775870414375714e6954314e7a46595a367156534e4e734748635548684145494a756e316f4677344d2b69676d62787555616e4b49596c30564a535232424f4262375a3345624a4c55446a6e3244445365624b62417944392f6a416138464e6b2f6c4b63766271666b316541547476527571573552456672366f7932714869656d5834774f30414d787252376d4e5a6777424d503838496f5232637444512f38646949622b61334a5734562b69614b7853415333746f7a7537756a71706c31724e4e76506e34475578574d344677596b4b6538584c58754677574c6a4e437435784f4e615062385a615664466f56465252327578514b42633351326b4475426933777a444767354f466366527656643168467954516f794c6362612f746c504c314f30645848577a4273354765316c6655433634577477367472576465774f31374c5370363366756a30514567477530665944643939384941626f5a6e744a5339384555486a564e4a39454867674c4f79456d76316c37444132335962796466506b43347539696a37526e7a6d344c4f39356b6e3738792b574739415355574953447a54635a7a7a7733623448597630413541722b707132777064474866336f4c7967366d61535663504f3869516548624c53704b7a77434f772f513748754a634e64362b7a774c357a414e5864344959646d47722f566b4b6549336d4e4b393462655357554b2f632b347848577530442b45636f705a546462675165733538476544372f7a42447a4b6f6249387673555879504e395751486d4145447057323377302b65734d4179486f6a6f4564712b6a6f755075614765386b5738346d462f49375741427834786f4c70504837325649703776514e694c416c2b5750486d465238386f38442b743968483762676b502f414665614e63366d69524d484c644b45612b4a72336839773231414b494d4873725566776a776f7556713351737649672f547431623466584249774a434c6749447378527061496364524c676339685a612b3471586a686d386b4478646f50495a2f6e5239412b32617343496f306647416d733169504d54376a3173624672374f64375458765643782f655143694c4239353732566c2f63714f304d3172474d4f5336614f38484a52724950306d39646d326a6b7867776b5372574b4c4a424c3373747742733375347034774a576a665239375362703043516e797477592f4b47485a7855563032456846684d56795339793455514f554b664742696a777634304e45434a30386d4d396a386f766655377343534d35714e4b5350385272432f576265652b4b6744435a506e33515355645a776d396c4954306239646b552b414a764c5a6e76773476442b78684c706e6546574f5074747553724f77396338432b6d305a7561463251577966494778346d31534f635a633662554e69556c4a534f4a34504874655a414870594e4d554f572f4437722f5535444162517643475330614e38424b3565636163574e78776235784c4d77706161436a744a613868454b4e684c714e78336b75427855596168715543376a5036704b52454a484868755a6f39344b50652f506c653333497665553342586f73524555744675374979382f6c33555a5333477145306253727a6f71536872417a2b6e65524742732f674e354731556f386457387732544c39527731385046546b51774c786d6b564e66434e416e365246683956766b696a4c794f69437a614e2f776b506c6c722b463943426b69497a52727235495263594d534a564750474a654f70534432594d564550445971636b3476396e77506e73416f61516d497364715146596b6879374153536569477453655a46324e596877693744495a494c4159446b6b6c494730497935343464783250484e3352452f45617a364c4d50456d6e592f69464c476650537766475446547230546e5244304a2f4d7368646a364831784b35624471794f5a2f346b37432b34327269794f5430634b3631596831624b394e54736b485a31567755637063774d3668766a364e497069576c4f2f786a4966586962626932586d566c6f6f6b32457a6b717759777a47455073484f6e5474506d56534e522f4b3865503942382f7a6d7666752f643936376d686e46567631763878344b6430666764686b4e556c5975546d416b38316954695946396a562b6e666331426f7978384d702b4c79494c4e312f6d79675551795a4d6736587233595262747539786f374c3237583774383437752b7445467957666873572f3367544c6847304b7348485268723459523658375a657867685975784434366b337639787161592f2b375848584c7869712b56432f51644d4659695649415333794b756764414b4e4e426f7359304f592b6276472f4f534b65344f4f2b667969333069495a64614446664c44306d644b2b47797847413374687463683544422f4538704470584878596d5a46417a5a71386e41617475334571366d72397247514f67776a72767039584f376233484d70655a7a37525347614b736755585731482f72693078567735646c474d4967344175443341337a544b646636504b35316773742b45414974684e586245667a34692b4b78456c2b316a635a45444c4557474f78587a684d7a6331565a2b32425a396d6663774d4c59702f384e4f654a693232674d74434a5747616657443155764f6550614c726a57356863634162736a6f316c344744744348332b3841713767746455477a59383248444e58622f77512f634268597134777561707a69566c774a517277776d3745317442486e7a757a777a5938536a2b4f756667672f484251526d49472b496248306d64656b4345322f354335446f552b576f6c74484c6e4b315946644e467a4d78647064366e354b51674c4c3952647a496355614b43423164656d4e4f534843636d43484c596a59325a786b4c6a6577334676675a5563724156376d756c567775584e637a5862525265714d593166496d57313049324b633344654f49314233624e44513045745033654538675146633958726d736a584567522b61594969647a6d786a464e746f314b6c5070784c714768536854313530744157326d62697142426358694b7941545869785768476663465164396d4c4c377a566451775a586a637862596f4848756d6e5a614370685077385a724e2b4248564a34665a6c4b5a39352f502f5559635a584c764f4e6364653358635156742f5a4456332b62454e6a7178375638366c4a624f50492f552f4c56524368636e4d4d39616e53325071396b6d39492f3050636b714f73437346387639324a7053336b2b6c556f70475a5a5261707369366e774e7a695151577a6e4564436430774a617a6846644d794b533256666c4644414a42305778464f594a374e3169614f5271476b644a3538322b6844444c3664546d735a4a66336d434848646f73693772346a6e56734846387a44664f4352726e79563748513739556e746655644c6162796948797271526d557047583074732b567a4247385a6c44532f7366794a5a706d6e50507a674f38726a59364b6d4c7a4a66503162774b3464574251754d6569567873394a5362532f4f35476d38555639436176536f4a367543627542596b637248526b3779354a6f36725841484a50506c5a2b53694f5158586c794e6a7a453955676c65742b73376c79737971342f4c4569417979517a624c444a4c4c5a597464733272415349487038574d744d2f6e61487756576a53444e36456e6a4642752f642f63554557474a71656b625837467476765457722f323936376b5442575a6c647668726739736c5535763130366a5744363259355842744e7267707672696d676f31476f79665949703261734f6e6e793150544d7443315a304f4c7934304336585575396352706b636f6d395062396670475841574b4542646d4c6d57733339374d795a552f6f2f32514c44693663684e4e54447050616f612f6832414a2b6b4f697133427961366c434a714c66626e42356a3959466b31505a636f4b4876784e4e79682f5262716631747870395a41346231424b68656f4665612b673675576c37317346784650544d38736f366c4141646d726d3159305870744d547a5a41394f614a5450722b34335771764c7663386d3373664f622b6c7866477357763569626a33374e6d336d47723233486e5375586e6a6a595646666d75577964343665336250387356684f31325a444c2b64535430666859624a74505a6d394f366235484b745538567962796c553471684e69666a572b61576c68666e35632b65584675634e6e5675636e316c59576c70636f4463576c3354516566334e387a735479793546746542344666683030786747674f4876306a7a6b446e4d5a75742f67636f5646654e564246574b4c6e645076766143507a654c38374d575470465054737a726a2f4c547831716d35575a33342f4f4b46684e3030484b58312b4c734e333967786b626e35315573416435584a34696f6a4c6f39366c77677641426a42666c74485a4d2b59506e575364584636595a626549437752595862584b4f7761764b6b38724b5876563730366c794a4c4a63544633534463594174516a66472b5270745678494470476a78677848504b424253656635307a6b6d7755617355523879572f3065474a6a445a78703835315770456d34764b61505a7352777859726646634872436c3548624373435442336b5945456c5a3066426e505246522b764a71355367415974726152546c3732772b356855727256713243774f493977614d6f4c6474696b7379784f4f305567586331544c31427a4a4a6a454c65374553694d7350454831494e38504d46525638512f4b342f486f525a58596e2b546b3752317765784668757749724e797a785964734d6c56754d7276415433643333455642587150354448395a44756871716258634f596a6a3764524e5a695849414e464a6d627035656843675761636c3434376a466265716d31595833715255574e774a41695437395a3431623950467a47762f575879455247324474736c7a6d7955334e57714c6d70624b4351307241566361306f744f6e5064676f496231535271414e727a4663362b7569326366574479745949414946316d47424e64706558325a774b726553504967635863376c64616f6e424e53695436797959796375726c74372b38772b556252786b56574d4d4a6e4f644935435052567a6d73347256527a2b51796657596e30332b627258384a614d516472486e5634316a623538494d536c4b37737674444932414f37646571512f582f51625873434a547748316b6453362b39436b5256797a75756e4873694d6c635357793259454564734d4b75556e37773177613544396a6275436e733571647638457272647064623742683678746b564f6351634b326a46677630567a4b57477a5163776c306b72355a6d446d386a434a745947397044367078376d47497433386c703955744b696f63434b2f736f505a6d35524761694d364b527057385445577339763135547155494d766c5a783241344f5a6c63632b68324169632f557a46767a385678464f797a70584358504a7844726d4e795a685744775776757a5365302f70726c52794a39477933654e5239673470574e326d4539597276314c646249633334676d714878794c6b684e53624c4759376e3444697a5747356d566d554949566a6f7030504b54386969643868476568624c3334722b5037547a2b7a7665546175656d71417973586a7659354e45584736757356574c2b6836396c535978715738366d5554376278672f7a75574c4279785246376e59456c6d775857434e65455a636143724647364e5369726f3430315a4a42577276617575444d77786f70316f426c63766e4b46754b69513579654172344a4b316a4f57752b3775556d2b45486743473242694c63794a6259526f624d42776a6a6d334d35584e744531775661733371594e322f6466317633687363764854704a714564695071353773574f62675a6247565a66472f6b7163656c59363831484d4e493076483931356d423533732f3550534964313267632b776b735566776b35446e594732736b4c6b71564738796e633446624c562b64535a696647356d4c44363364614f746367524e3238306b684c68324c3831574e75687675356772712f36473376384e636450736c374f6a6945537475745072364d63354643315a48564a4776316f634249767a2f5664596e6b2f2b72356279424931654f414d70534c42504a6d306a5a62696b76355658486845363750457633376371624d3755796f4d754437794b35574a614a765033653766636d5a5a367a4f4433455450633068415958494942703850616661742f354138695a68326b3065675a596e4f3462674b2b49567a6e4a66652b6a586142376938755364435147686546644150764830324d4a2b54774d76796f7a69486e7a392b4f6379594c773476485a3664342b354e6a55776275504c7066735046726b7864487378564e5259677a4b4659584e752b4138517337423370315066654c726e796b69496d2f3337354f3565554554617830465a6e5977584f2f64724a5a6f3831362b74795966493571465a3165577432384e7437624c35336436363365426d55336d6e49556d5a33507a4f734151416a6b6843776d58754e764464546c4c536e61325a4f707963355a3833792b792b2b506c594932652b397236567944776c4244634f6449732f48317558733941776772326c384e42636569724952734d382f4d6c796835617870413964386f3761664946412f4653635044692f4d347676556c37372f796c6562335263736e61356e43347554613633394e7547336d52736c45757276614c7950334745427772654c4d774e3137556d345337777876546e6935575a747550356d59376c38586969727a73637242572b7743637344594d6e6856776632462b4846714f436644353457495a57663256796b7a65667269312f5679583158744479532f3145437a6f442b3867787867346e6150584c71686558376b6c5059724e746a647a7338647678464b4c322b76466178334c4c466861435674333955614f352b6831426b62316b6b656c613259334c314b6a6a4d7174783365754e64364b653332592b323438466f315677554431636a435a5a3855457049584935336461656135326e6a323273546b5572712b666332736f55752b564f584430624474725872754848474d5035317077674f63592b46672f4c694e474e625748336e7430574846726333436a6a44394a6752452f737879446838667a477174544b5a7451382f713258694831563165574b33616d564f66554b4a6271396a49415950624f2f71556c36654f432b3553785a36666e2f4c3370644c5a6e414e426e4b53544e39724c556f754a56755433625834305a395a2b744f2f5761676a38463943345972704e426c6e6b454f4e773965624852736430446d4c49724731534f39774451466943597637656353466f4b74534b48764955633633577632576d645962656c65656c4a5463344435786979554865623741476b4649544d416a796a53636c4f6d465a566e2f466d306e49534442427a456c7970524b4b4a54326f3130737861375a4d5433486b54574453525a7449325672455a3349586243564c434a514868594b4b6350676667706a754a4f794163314a77716f447959307434552b7a4e744547625761753135706371355353306b4841737474774d51664a6a75377545776973584a495a70714d316f45775461644f4b5459696f39757231467678694273463546505157673253716c592b485a66334c5350466972705747787955477178425538706f45735275556b4741476e434554374d306c2b64586e5158356e767174522f6a56477a417068365148465a696154735539367144524f434a304272354c62726d4a7a366f74634156375835716236596c6d7968657677327359454d612f54395943686c594967756d47724839526961736a424e454967386d4549474c2b732f4f71625862553971546b61757a614d5537666365794169594f496c636b476e76773543417475323862576645414c2f71594571466a6b6375692f6f664d71375832587a53763557667672365863432f79705a775667472f6c3649444c465146787353374132727a363555484357694d4155586948324d73677865714b505633356a4c553064314a4377697063544c2f6267794547746b326169544b7473536b472b4135474e4a76316a63497947592f78743165742b6b546a536c754d6b48635a517972457651557147417a676935496f55647174714e754d53547a51475973374951685276614e6d5431697038583739562f4f7a6c576c724b2f44596b484f4e44694c334365664a484636672b6c6c684f31665a7274686b46413445354b46374251704a5a39515437586c547a726b5150684556724e6f737a562f4d4a474b64374a637970533867332f6e742f756d7152636b57677351456a66324c55674b535342417a4834486361733639524e62466337543633644332704e6d49794b386b7630623263343679787a634a4a4e416e4f4d6d5a673157744d446a7862726430557270517671316b746e43704758597658656c6252723870734d774f576a4f49315a67345a6d385932413466744d47545a77515a6d4533736c5249684a686e6f67696c502f356a66374e3761334e7761446a5a317951747a76574c7865564c58304d4178596c417442385a4b3061486a636450597959424e4936324d796c6a487238764b51736332346a6c6f6972743059724f6533733937623246467a78374d72586376635434483633596b74554a64586b462b4232774e32556b2b73536541634a784b6146794779775551724f583752367147737a7a79654c394273507251634a384c56726976627a31432f65415777716c6551666c5839727643516c345a594e30326d762b74657859426c4e6e434576613133394e724f59503371745759696c4755316e563941304a4a477768625354712b43304e715368364776653130457045567551546d4975624f50673858454e59644f623758666d6679664470596a55736463564c646b4c764671626350576d6e76434a647231717867777a3678646e5450343765795466703072742b4d514c343668515852454e4936394c736168755a45576e6b4657436248584f434d69573177665863707450507a35706569745137507a3975752f2f694f595743735552587171444a64344a61786a466737397a46357371424c4c2f4c6a6442547a4d4338366a6c31352f36794d3776665836533066565a4b6e4732466a446243783449737155655a384d6f633443554965786879535750526554316a496278753149504333663266326d506e44714d4c3070373959574474705261494930464c44516f6b547a346d34767779714a56334c546d4153504745544d6d61615a4e5a50614d315648623737353456755844644b48623735305648766679556c7275457a6d52437346644b52466f58694662692f6b446a51764e695134684977354946466a7a494a324c2b66566f3179775161357a704478567659394a7734724953756f46543049323172784d7435666c4476536a45616a416c6d4b556857424d4d6d59427a66397a53794e6c49556d4d43644b4b6a465a69525574494f4d5a693075336c75494f67656f32704650504d4468314e4562386764646d4473677355784b66456f5a6b6d516947773673586458686c336b494371584462743566683670446f4f3968395561324b51366f675756317036336b4e2f695666674c6e53764d565669475366575568304c6b77652f413056314a4450355369764d3273474b2f7746636363655a31665561665141414141424a52553545726b4a6767673d3d, 9000, 5),
(163, 'B212133', 'BOUISSANE', 'ALI', 'Ali@gmail.com', '40000, Marrakech', 'M3', 'Administrateur Adjoint', 'Marocaine', '0678545676', 'Marrakech', '2020-06-10', '1998-06-29', 'Génie civil', 'Homme', 0x646174613a696d6167652f6a7065673b6261736536342c2f396a2f34414151536b5a4a5267414241514541534142494141442f32774244414155444241514541775545424151464251554742777749427763484277384c43776b4d455138534568455045524554466877584578516146524552474345594768306448783866457863694a4349654a4277654878372f327742444151554642516347427734494341346546424555486834654868346548683465486834654868346548683465486834654868346548683465486834654868346548683465486834654868346548683465486834654868372f7767415243414341414941444153494141684542417845422f38514147774141417741444151454141414141414141414141414141775146415149474141662f7841415a415141444151454241414141414141414141414141414141415149454177582f3267414d4177454141684144454141414155785a446b3276757a4b4d6d706344544546314d6472554f6f4a5a44734b6b73306b424c6b61303534636f69574e764a7379786c6b74424b6b66532b6936382f6a622f414e6734384a683554764c6f2b67366c4c4c656758723538594d382b6e55636e553471547672595937693768646566656f7574664c6e5730546e575759576c69364b485a766e7a4d6c78616e5272536173564c6f4c5555456946504f69626357457836505768566e75726c566b4c576a56376a6b304b435646316b4a2b64363075636e64655851703862316f7732353349443639546e6e4f3266723130574d2b6a65784174687a7152774d71547470656a503758516d6a4d4d44474a6f77446a547876374677646d635a6e513249466a7a7651673659413373695a6662674273394e545a30396970315933434876616a44444768677357655836664c71674c6c576e6f4f377a2b646d50375038776f6f384e4850435037746c314333737858427155584d4d4176546d54717551367650702f2f4541436b51414145444177494642414d42414141414141414141414543417751414553454645684d69497a457946444d305152556b5167622f326741494151454141515543664f4756436f6e74524d31466357483365344741434a423561585a51664e6d596e67794b6c45687253584157324d4f756d785a386f5a3645536f3547395a79747849515857754b703544696c4845334445486d61796c636e4c476a6763467633706875354837784d4d525454422f5a586138795231584864394d754f7052416c6b4f545044542f5a63397838636d6a2f4142674f70494747664e72444551307056704d3957794a6f656c73466a38664543754333582b6b67742b6e51737577644f5052566c783774704a744554336b4470522f636246684570333565716a3947504b6368365470326f795a4569664e6c4d794e3670326d774e336f5943756e6671534d56707678456e4433677965644f52447152797a4333786b52476d6c776d66527833586c513356723461474674687146707551623853554466536378322b7a78737a473830595445484a4c2b576b6b4a69797552336979414f4d776c7958745a6c457261302b6c64354e614e325a386e566277316265336d6f2b476e7875653248612b30355455364c4a6a6d5a436a523462436c70637933434e4c71526d7449386d65376e614e6c786c504b3134643176594455746c453756494b564c67776566564a544c4d4b49386c63654a686270745336303152545456393733684548574374715530374a51685579592b39536a30394f6e4a5764546d4c6161527574546271305636734f4a634e303666356f75486c6e7074596b456d704d6854674a776237426446494b6b4b6d5350554f703362507236766c746577366352786c6d306e36474a4c354e587456774433705664307675463537364249562f65376d46616635756b6278324248724a4e6973675552616861333958774d71794b4a79534b76637075613035566e4a427a5865557458506b6c455235794569766f3253755168707153445673415870734368555a57312b5152764636755579624b4a304239754e4f4444573758344968795162306f334a46587264794a5651376630447a4f2b534c3756652b4457346858357556616471546b794e773755477866466268546c54644e4c455643726b6a4947566d762f4541434952414149434167494341774542414141414141414141414543414245514d514e42456945454943497955662f6141416742417745425077483747485537786350765a6739616c34366e6541766c36676f64527172554b2b4a724a33675248486364786f513779646a446379724f486c44666c707a386755654b7865662f41474b346257476e4f352f6b597545336a327073524459754e474e744b49333944506a6e38786f72654c584f546b52685575584646342b5033502f45414345524141494341674d4141674d41414141414141414141414142416845444d52416851524a52494349792f396f41434145434151452f4166507838467339504f4b46316f617659304c5a364c5847714f7858396d2b7862487357683855374b466f513969317848444a6d58453439784d574e7966796b504239446734374873526778722b6e7730526a58485575696171564349716f386f73526e583743477269517879544b5a524a30497a2b482f7841417645414143416741444267514741674d4141414141414141414151495241784968454446425557467842424d6967544a43556d4a796b534f43464343782f396f41434145424141592f416b6534396b303170774e32784d737668524a6b4f77374f6d703552585131483332793262746542482b5245593357686f6268614432536c315059766f50756537325332535670786a7052724644685575673850464e53505566595a58555859765a376a5063633476556a347246536e50453136497a4c426a5a384b5038724453556f622b71464a3968624a48396d4c7357557956793748755075507565476973696b3458636a7938384d5472474e47587a6e687270437a48775a7a7a504936655769562f566f61434a4436544539716578397a7935664d596357743061544b556c4638327857347936706b6b7432566979365847364e52444a4c3739724569792b6f704b375734784d4c3447704f6b4e4c42645a766a63522f77356c64326c51734f376c4e447a63714e65596d555458334837477552707931327866336c457362432b4b4b334c6b5a4d6163734b613546526e50456c314a2b4f385236556c36554d2f747373785079324e6b6b554d58356e4555572f524b4f56752b4a6e77342f6f7555503254384b6e6d6e694b744f42474c6c36316f50386855657869317a32534a64687362466c655a335a5465534e31555454545138723166626d464844306c4c694f63726473735454466e57542f686f545855512b704b75525a6c3155526c436135455a523061314d36564b716f793576536e64634e6b5658415558774b2b55785059533637482b4a6c2f5a7a52707164526f6f63354b4d6270656c556a636d4c5a7536472b79665974637a65612f53634e7779397443527632637876714961664646434939686c5256766f543858424b55497570567658586169554d4c48574e4436307173314737324c675678495054656532794c695852654970334a5a466c344478737154652b55644c376f7a59537242784e59394f676c2f6f3174766778567a505939794a57354365484c4c5845564c44744c314e2f4d65526978773675315333476a3978577a6366436938714d4c78634d544e687a536463565975577a6d4c73662f2f4541435551415141434167494242414944415141414141414141414541455345785156466863594752736148424550447830662f614141674241514142507947717a6a635261642f716258694b6b616b3164504d56334d6f78616e4d56527a4c58664f534c70576e6346513355526b356f78736373774b75494363755a6c43626b32546d614a782b6b5435737846387a4e6e4f616c777a7a6d56757a30514336646977676f646a444c45557978744e6c73784176324770514e6d435851776d574f7267774b4d316f3141514f7a425a6a676d36505236785a61327a415531503367342b304b595048756c553851734576536d6f52367249416333614842575743494733626e63496f49396e49692b396a2b4a5435456f7931635a334a497442616a3567527971634545765578633163657351425731554e6b754d732b6b577a594d54675053575372557948646b58542f715a744a6e6f612b70574c78635034424c5434537842776553683753374c6c3151544870376a4c614646326d534163632f56455764736b79396258544d6c4f724a5a396b6c77444e4d47764564543653303275487a4c557477465a64612f7741387735794479416c6d4b372f486d316c72685055476f4e6d654b684545675678712f6e6350534779654958444c5a65496645714c454630774b586c5a6b3356543242637775454b493761666950705a47466267704c70622f634659363252636f7132344b38797233522b63346d476c30416549714c30464e515a41393437756e72472b422b7376577a454a70424e5367634552594e61346a646d6b6e3930616d6f784d714b4b2b614550706f5230356a74636f6341737856706d4d4238537244626c5556567a3136524f37316c6a78694a504f3259557141314c786b70544954414d34687339667155504d587030437747342b6f6f39784c5661317a4f657749577662427337417557703878686a34497248716b59785a4d756f2b66715a77516b74677a78446a554a66694a4e496358487a50372f414573764d5331384b544965496369347a4d384172774a66326c7435665762793175556870794a754271304f39786b6e59387937342b56613974533149557a766b414d79776b576a7562737546575a7a682f4d7967586c71396c66754a6e627036785477614c61372f4d5a76756765617377794c476e6958576f59364a5a7550324545326f384947655769424633476145704462694b654b795976366a6b464568687369785267534f6762696e34306141412b726d436d49636353794e6a7a784b304c41376d624b56796e70653355647658434b7a436846644e6f5442636d7a564163796b2f4e344d4d51555447664d57584e687671417163593531444b4e724c7a436765486d456872553733717159493754446761394d7a4b433737377156734858334461385332687a4c5a39432b534f664b47775a38346c414438723867366e7538314d3835754742797a53475a5761635449577645634a674e5335563443455666776778356165706d486a784c3147374d31646175496d7443586547313567426d793879396377703846425477314d43585168772b6632494b36747a49655a5254796b7867665566386c4f4b76784c46726f4e52656a73314d38724d6c376a73546d5a6866444562794231334645457272735a5272552b30496c416f524c5868754646376351445548596c784b39754659595274394a554d692b655948426e52564c38774c413456647a594544736c52746375592b654a2f2f3267414d41774541416741444141414145465333386c49785169674f593136544b5a7473534f702f4f4b4345654b616e3874775643326e6f7958357452456c6758697a3073773777696a55416f33717363502f45414341524151454241514541415151444141414141414141414145414554456851524252636147423065482f3267414941514d424154385133323351757a67516261626c78354c785a534d47775036457647755272326558776c7937742f492b524a5053525135577974376c385878656a395048734944356675787166355059766b632b69353765514f74756a336b764b787750496656484a656a4f5944495a796471335951526a2f644c6e356d644a42342b695153744d666158684d474f583638735834536c5135506269662f2f45414230524151454241414d4241514542414141414141414141414541455241684d5546526366482f326741494151494241543851434a323843766b36535062697a746257646f667330394c344669642f4f4239513270686270547637677744395a4c683542315a7858793968336255582f626534643848724c76563371595743336b575333336673766734764351434e324667474635594772652f456659674c526575464d4c5a6c2f535062426c6162672f7546677673744f7233502f3851414a52414241514143416749434167494441514141414141414152454149544642555746786f59475273634852346644782f396f41434145424141452f454147593831316a546c4651776f4866456d4939506e37794b4134644a3459656c394e3565653538345938457348485971563445785964414a4a7774786c6b687a37774e6d786c395034784941554d382b384e696f4e666e57445369707078647a4147324a664e427944655148596343794974784630564443367241536c4c384c637342733042395a75746a55532b636559734939473859425952554158706b767246554251433068722b4d305268517a56793151684434764f43546372767878674d745346346349614b6a4f444673415662765678776f5267645a7a475352373059514561324f74356f324f656a357a68646a337851436873484f5055414e4535384f6267533255667452386d4951625a4e4b683854445444645664374867336c62495064677a417365393436647169707959533151306878787a69614c722b413431396b74396d464249516335416742727646344c564c355841464c7761336764514e35796c79435632474f2b6a3858507862675041486235634f765465416641385a345845303677587a6a41455466736635796951525874552f6a4b474d4d4234523477596f43504c6d32345161495372306d47576d6976795931596d6a6e4263525a4446306933635074436a3644724452327641507a6777722b4677444b77623358496d47774131494f586552586149465044336a793857477a6a656e3678573178684459636368763368614e32504946666561787075656178785143676a5a2b51776668686575457a7477497833735a6e4b752b626b635175364b636177785651484f2b4847434a704759426268535a5a4452367672444a77572f4a735838417838347a4a2b4a4953587a7265617049685657775876546f385a587657643357716a52324d6351384b41536c4b31787452775661446c35442b57516b6c707564736677344572454158564f3838624c75384d794973452f4a4c684e655030346a30714265584453554e48766e494548545879334e6a30457238354e616f3476555250534a764f6163414163512f62395942587973786f6138666a4a3275717143466336393462656c6a776d4437663169556954434541452f42675044573632696f6d4a4545416644707868786e61384d30344262796177774f366a367a6e4b4c66724c4a524b4868726c4141544835444968306f723777533963463632735430416856395a744e61794e6e667966336d676530644c2b645a49636f416c2b6541774f6b77304543377872523833484f786d4f614a3350657a41694d45713865475267746838695a5967707358577877324b78552f4467583749664b34615a324166764b58553257713075506877382b57657547734b58496e584f384c49426f69473378736138346f31717655337a4d585141524e4876786a4e4f376f527035316f2f6a4a5042385843586e557a63374e6e776a69466f4d66653451415141432f4e77614b596834735a68452b35587662425974566d412f595837775954525158367a697275437a32777938733467505041473837784e496b6b672f5a67696769426f4464312f7244705a64634743464e4b4e2b5364334a2b70694f4c6c504c6a69613075446c3235646e6432645a5941536b62326238357657513652655849553141744876326665616d434544524433694164716c35744d48613379394a6843636f686a314e4a352f4744355a6b7657503371783935587a384f4d4c763631434b6257484768507a685743534a7a442b4576336d3478616b514b75524f50375a4a463965687639657354414571543550646657436c7565736f6f6a6f554173724445684a4a5363783450322f76426c6b334f3931422b677771724d384f676a37546637796c744365432b64382f6a7a4c724c4b41305435785942754438334c4a43385839596939497a387a44615953493562357a5a6d67726f39313535325a744b694a5a524854507638414a6a594c4f727372363964366c2f654e57364a4f4f4c44794234642b64344f514e4676464f76766e3178676c6a685a496f4447425356766d595073524a6b64387a6d584742367942646734546e45426b71546161645a427a6a6f6b44512b74484164754d57714956304a76482f6550474a5249685a373961797a72645858724247416b4a367a69496f6a33444e675579694475303565704d5a6154524b322b6c313852356d4151564270302f7230346c415768514d513438572f3678464c4138747566453369764956577265665079344e436569385178683142344346392f78395a4742427849542b5a767458437341474e37426667385037795a5152303658587a385a534f4e67484a6648656a45324f7775556844544f4f67506a495578477a6d346f52766d656356664f48383571424a5843645862523434386359392f4966614330437a336a6b7a7772677651336c2f504744514b716577352f7867424e5259645849676b766f33742f5753626574707052624930323753354f7a63743670786e6a51424f536e2b637072594b7a774c6b6a4737424c752b5934565274796b6a62342b504f634345523470503735336748536b4a776d4f4541672b4a7a695979656354757a6d624e64394a32632b636553495155626f55734f4f4637772b4873566545657a7170665a694a417748746d2b506f7031684d343232393552427478594479556462345038414f49676f71656544494969372f6a2f78676d6b46324f7a764342765968472b754f72395a7a44344a69586a30364d424843476b5666486a58652b6357545858576e4b56684653393477497a67623959594f6f416d334654766c2b734431344e4378314f4e392f37776d64425474494e494f72543478465867496d6969504a4a77754c634a314e65596672367968484b6e7743687241465a6d6f496e4544754a2f307763487770787873374d5446727950477a393561534d4e417a57674c4c724445664978655a4435774c554231634c337476724b6253417162784a663233316e2f396b3d, 12000, 7);
INSERT INTO `employees` (`id`, `cin`, `last_name`, `first_name`, `email_id`, `adresse`, `etat`, `grade`, `nationalite`, `tel`, `ville`, `date_embauche`, `date_naissance`, `diplome`, `gendre`, `image`, `salaire`, `service_id`) VALUES
(169, 'N416545', 'Ali', 'Ahmed', 'Aliahmed@gmail.com', 'Marrakech', 'M0', 'Administration Principal', 'Marocaine', '065432345', 'Marrakech', '2020-06-09', '1992-06-03', 'Génie Informatique', 'Homme', 0x646174613a696d6167652f706e673b6261736536342c6956424f5277304b47676f414141414e5355684555674141414e63414141445843414d414141432b6f7a5348414141432b6c424d564557307271513950446f754c693543516b4a41514541395054302f507a3942515545374f7a73354f546b334e7a6369496949364f6a6f304e4451774d44427261474e3965584d38504477714b696f304d7a4b5069344d324e6a596f4b43684752554b686e4a4d6d4a695a7a634773794d6a4b596b347467586c6b6b4a435259566c4b48676e7572707077734c43785054556f6e4a79596a49794d7a4d7a4f636c6f354a53556c6a59324e68556b703765484b5665323377776167754b796c565355504a6f6f30374e4443696858574a6357586b74352f57724a61386d5961346a6e6c48506a6c3761567077586c54466d494b4761317a7475702f72747075676532726571592f75764b4c7173356474574531726147547576714f4466336c55526a37526f496953633250767636564c536b6854555539355956587173356a76774b626f7235506c716f33676e6e2f626b334c6a70496274753648556756327268584c666d586e4d63456e485a547a4a616b4c526646665768325071745a724f646c44596a577047526b625065464c58696d666f72354c666e487a4c626b66686f49444a6155486e72704856685745374f6a726c7159766b7059664e63303370735a586a7049586d716f32336f4a432f67474e4c4e435873754a326456445843643161346d34724661554a71507931444d43574857304b32704a666e72492b396a6e62747a734c79324d365061317079527a434357446c664e7952444c4234394b427830577a316b54444c6c354f502f2f2f2f71784c66636c58543839664b466548467356546c694f5358597662484265317a596c586a793866466f556a5a77567a706753544752686e2f6a7370334b626b6a6e764b72507973645a517933656f496230347470534f793134586a3736376562456230713271703536595548313966575a6a59505a31395732587a75425a55503233632f2b2b2f6d646b596239392f54747761727a304c333434746679793766383875326a6e70587878712f7a314d5446763765716d49476a6a6e5435364e2b796f354c78794c4c6871704c313138652f68476d396958447777716e6b706f6e4e6d5943356c344f30653248616b472b376b6e33586957624b6255573473366d39754b2f6432396e372b2f76723675725530637649794d666633393561576c6d546a34646d5a6d614c68344244516b4b7973724a6257317450543039685946394d5445785a57566d6f714b6a507a383957566c5a69596d4b546b354f397662316658313953556c4a36656e7052555647646e5a3355314e526b5a47525455314e5556465265586c3648683466316d35377452457277615737367a633732703672734f44373835755a786358483732647275554662756a354c7358574c6668596a7a66344f43676f4952777944484141416157306c455156523441635459435636444f6843416363736b7743516866556b624b714b6f36664a5733506637482b7a524569795734744a432f5a2f413778656354484f307334454850304b6f44303451596f567841515553775171526e412b50667455666e4d4c4f464470523251574b51556c705068722f61746a49672f33446d4f73436f3841524d5a38632f2b71424b646764785a57514d79684642436f733053652f474462517341636963436c4a775a47776c764c423657466a7a69626a492b64557037434851474642652b4351464e5a55637544354d596d7a30666e462b484b764c3948784556456d344c69683642444c7a7938503253553971544e65536849432b7768435a4c5778536953424e59395044396e6c45636e515556354d5943395561416d7459656348374e4c67657761643047594b396b4b6942476f32543277794f54733954466347414561694930786959443843366c4a5661343535616d667a7753487536536d6e4145446c4168304b3359707159594a7278436a52662f54664e5851587156716b786e324c424472464b4c7a54334343792b41417a2f344b6e344244666d44364f5444436f4743367859507666724336356868704b2f414b4254696b47447545784c69336d2b71546e32327a414366524e43484469444665596e66633839452b34675837566c32444e7355542f504f72584d6266517633536a537734504d4f6b4a624b565539312b696e727375506a337539376a474a7a7946375649436e596c633177784c637334486b32486e503876473435506864444c6957577758636475325332523359515a574d6f734f7339616d7736357672514650744f63744742624d584d4a3256454a5871494b436374742b34496459754f68687a38685370597a414a637346624b633836417142677446514361695939504f63455145495a694a4562502f645a517773425439502b466f674c2f6f494735656e52426e44614735686a554a4e7441716a3945646c53766e663676654f657a6b7864307145436a6e3361696c51452b686c574342514566672b48385633306b772f4f38655a425964453343506755414d31766a51415142417839482f30496f436f4b4948504a616539374c796a43436f69697855344b645370565268466250314c66557170483753386c417046437932425a7472507061775656496a6d4b6431325941464b722f353355724c74634170685741537366773251454e64383243343550757276583878686d6c74446d3475476a35454e4141532b437a6550522b4558614d75636c4763643170774f68384f7857773474314b6855702b5767676a71467a4b4d51754c423648576d47745863464368715537764c7a4f783978506a70646a513750456d68694447715752517473686c566633354c34756b734a61456f754f7030595a31363232716a2f416833544c316465676f6a474542653243777041455030655030546e6279497a50726b416f44595430435472595734612b6f48596f30736768744441426c3166586b4454684b6341754a696e73436d67305a62426f456934633566615068594a762b7a34386a71486b6b417a69775673434d584873444a49454c706a6c3438724157794b7831334f392b6c6b77746a364b4f54636f34314e534a4b4e3262464564776d4c6b6a6d5746477979772b36797a6a6e584f7547304c484476513536414f6f456f315a597770414a2f794a762f6b37512b4a36666e586635612f766444675376545a6d4e55524e6a594b676f69784a2b49597635666673586177746a6b714576542b696458596e4c475055617144437959694e6243464472686438735730733734395532652f794f7851754144455866616c57374f424a63576335326d4b524e434b47795555617977316a496d69356956575a624647622b397977762f6157774a55377a54615369685248784b46646149305456336b6c6b685472524f717a6769734d526961374464596b56617a753866387157484f577462676e6d584c36546a744f72436a364c4a5935342f505433662f335039376d585a364446426176396b754d67534b786c753534372b367655786439343862416e6a586634474f306d3362367a794c642f6938656d2f31534847577162526f714b7a496a6532433278616544486e4c3363502b6275626a4f456136617472474d47324139502f356132656e75367251337a686466505a7a466f724634356e5a3779496572334a5037693357454e363670714962634e41332b586639315434372f372b2f6d307a394f7274376a4676656a474e734f363742714a3534624c595a65336d7158535474336a3057434f73387934757743473036744c3365612f754571774c65756c53362f646b7837376c5062765857434f433772764733473147612f4c6c49652f6232346577454a5a5564745231563333476d36756276486350313762786d434e3070342f7a6d7a4d2b75637350344f4846777872536464655162327947396a6f2f694d637269525561514d47774c7276307830765a7a422f7a772f6966654c744b697869494151414d57345630625841717550734c74703531766639746b4b45703758752b7a4e7a6772305462426c534b485762494f664b4e5662476e4f6d2b3268467a747a6b565a52304f6172624b36397052574f56544f50585a375171345739696d4e36646d394677363458573757304a383363536a6d3672366f584b79333153476e363551657766523269626c3669473951795556364e654a3068666d322f7279502b434230686f6734546a597a6c7155695a70646c705a56684752717972676e6f4c42626f306a6535346e5a5262586a366a7249754843666170566531616f3378514a6a7275354b706f477632362b72414469557875384c73796c67566d4343324836544f7236734c705777624d5764325a545755656b647046343456685931677765326950766c694b7539716e6c50594b46655a58565163586b4a44336a583964666d2f7350434f3037582b2f7879654173713733684c3639447663357630724a5a74716e49394e754d367a636f50584664726b6771554256324f48326b703177757569316d73487069627531366c6556334f6d5a584a5a66686f32336b79354e674c5873684a326c354f476a59594a317a6b56767343373153765a4c726e516e4d75336d4631565255324b4764666b7a2b58787539796961795872517141366974766c4656316f776d577a75343450724d43344b374459586474674f555a644c356670664a37643561597a472b694b7572365a4f5176334e6f36306751634c6b55762b79747730384e45456a674b504b5a50544f645539735865313273336d31577139703853436e4351376f44437a7337484c44624f644d7270317973784d66394474764b75565a4a41374b3230732f78346f547532663571555a7a644d41525a6f7472366d65652b4833524c625844585a66707133455152417467704a4e554251464d706867694178425675516866304d5552536c48534c535169594e2f694e642f6565785634387a7a7668575534536549724b364534595331694757497635777367554b476d6f4b6d45345a67325768744d414952666244582f3036337652362b773175766962633543585a375863464c6c734977476d3261466759496b614745415454385236564239594a58586336727876487966504364744454764a62594242776f5a52676734434574344c33703176523659354c7a33756d332b4d6d70525434674550426779475534774442786f4d727648526c624d73462b6e2f41753976477a4d2b57387237317141587249476a4f67715656787449626133747875724c4b49574d63675449534d6946496d78465170626176306e3471735a385656614172644d634c7757354c7765654e6a72682f50354338515a364a566b4d52673130476b3436496d49704952597538337155725376595770697a6d765a5444734f2f3433584e74352b775878746b56637142676b6c765a6f4455674b4f7056494749453574664c62583952353649543538496531344a544d7843626571664b384f6e7356784a64464a6b59585437447276745664746a5a4e674d79696c697171765273723361754661726139566b726e476a463465586b65745777385747323577486f72364b45315253724e385768326b42467a726851442b4d49756c747465636a514377615a30485770753341474d72752f484e655345636763526f49535549384b79754a7a52483353543032736138594d766d79723032415369534a473276645634737a3665493379384d4b5743724269453576316b705743534c5139616b683272356159374736656a6c6b79524a416468557364594f414256666e39336c764c64707a6e6b5266324848306c4559526d784e6e4155534b5556677036534e73477056495953586b494c58417653367a306373564941646c5872746772434d4c313938755a665930334a654d6947426247374c316b523337396d37622f2f2b4177634f48447930345844586f534f6d65525179716854336c393475556530477063633048393377574e65685178734f484e693366662f6a542b78706973575a45395678702b573831777a386c6d67752f733077374b725536306e5143444b6e786b3677576373705967645959496d633763773831574d2b7665325a5939734f49636550485439686d755a4a4d45706149584c3456492b4a4377386551726f4f733457375436327144785365417a6a4d5950504746505169476a785a6558704a424a6b377a55367757585555795a49636f637870792b4c4d576661704978734f503762597444674849686b4e376452357476424359654846593875747633504a4b4a7a50736f4f3937766b7a595569564a316976342f586e657a4442386c344e78455a567a70753256353835322f6e3146706b6f7070465245452f6c466c352b39756b4e67786565624e4f4a54514e313844477653662b66382b71743147734c3835494e67493231646f4a4e58304352466f49456d33704d7868484c36347a7464667a697365644d7842424a616251394a7550707334756550394e73782b484659772b61794a35564d6b466171454d7a38367264474a62516130766c636167514567474146316842764261396241676a7464764d7365697877316165344b642b385a6b7a4a744954496958526a356f326633374d4b6a534d73792f695171536e7952616a673731384c774259596770737174784c497754436f426c7a385056667759766c747679533658446b73634f58582b7a71366a7232346d58634c75526c55684a6e4a533638664c797236364b3138425854346458587343774e39706f3652774d415172544b76645944454e4b6d67554b62617a44425a6c4445756546342f564b5061664e386e53566d63666c776e356e6a6a5a644953667266654e4d5263785a656673765a725666664743414d663748586c4d6e546d6a585132675143734c37792f675743726f6367516576776255724279356b6b426c363763736c45336e376e33586666666166766157657a2b736e6f76476369754e44692f647a434b78384d4443337a36475756772b5541495630556f504c2b74526b674b424d536874534336666a642b524176524a412f33494e75425872652b3269412f424839377a6c71446e754f43683079495357386168736854496763424b6838514c5350386762456d2b36792f3738414648454b76554d6764613770354f34394e6b662f49676945437a6b6c6e443535644139792b734e7a6f53466a63734e67722f732f426f4e6747664e69376c334a6d67326f644f45556c6d412b6d6b4d6661545a435a4f494f5155544963485471774e4c376c6a6b47747671565744597135424d4139746d44515a657a69574d7165694845465a2b534d714146466c34332b59616c42724350416541544434365632444749316b6b623858464b77637450654d6d79386c4c2b35547a697532377939455a447736344d586877737432416747702f525a666a49742b4331685044434e767944386837704f535239313033784c544d4d444d4d74457a7867505161694b6c49364837325746516f694c352f5645394a6631755065504a2f37706b3562534e7456444d5031586e68396759456f437051757257466543776f466b5a4e73756b79764c4d337a70572f71704f55304b57495966754746567838476f6b676136496f624c4b2f62477773466b5a4d4f7932766764634a4479544b2f2f61367039362b676668484473472b435234456f45706b3030436157594c5631726776697a6e4b39614946394d3237773453747730614d77784a456a676838656472424a53313058784853366851786371616763646c36594d616b5a6632494568773150364157514d596e7262724e6d7447627149424d75354853616b6f4750796e6f37372f445668756c33316245496b614677707652673967326946787352623574445852624565736572676e4b6f7a626a6466743065784a6e5847335941744e6c585139595a724d6258354c4967557474726f4a4b794566504e6e49396e39446138592f4f494a774545624a4a4c627973753943336358674c704c384f726854716b774f6462796a3549485a79724b4939616d4970656a6264506e6e7a584936344b42337274524b2f7979306133356257436557487a386f34746f4a4657664d672b64664c303553344c78303748712f79796f59435068582b5774504850554e79334154685633316863454c4f38587053386a6c376c6c6f304558476a474c332b7865586e4831774169486f59657557767974446e55586546596d30356e306176737374454a695759574a5574436e6f5968486c61434f4b30743839315334364e354f4e747957696176582f6d55494330646674646c347976513572446e4d4145446f472b436c7742497847384849685a452f734c52734e50794967554336665461657065484641322b5974314c4a786f325a592b394d444357337a58352f6758386e566c6d567569564a3233527765456c307a77414b5a5a654d6c3463656b6f76524f785038475066314e6f363767515470505349586d716234434b39564141567a772f65652b47314c354862416262644d416d397544727a79753430386d6c2f2f77634441775039364d58514a426670705943463274423631627a304d4d4457322b39424c3534454579476552755150726e7a3030556576442b5339316d6775756e494d4c4d493650686a37324675764a396d4553425149712f4e38785637794833696c62547249674c566a6e2b616d34465248636f33436e31366445435a71474e674b76496e796b6b3841434346615743526b47385968563263576e5033367a462f557a536768675769512f773741594c6b64436d74587a307578744d6a653269387062344a7033365161676c4b3756646f442b5745787866343036694b394d73412b684f42563261396441446f6849574c782b5977593555307758516d5230457251386d4974365851624b4551572b4c7458436b2b315241376948634458336e70744268424a6a68636754726b376d4d44735645754d33625546684851364b456d36712b4851774d7843564c7744384a492b4149506b694942435859364949534e7462526e7230594c7234524444454d45764844796d46315957716c794346694263714e2f5939615044355a6e5343554e4544754f683075734555776b694777446476416d57782f693254544f4567507362374b38674c4f5845564d2f54433239485555777777454c6a725054467950574263733565324a516a416d70355050556936376141517939416b6a726f3547716746356f79374d722f354333724a6e6a503132437a61664f4533754a41444244766161554f69705653665a3841346e3055496a76576239713066746336374e4978336c454b716542474e49454835423237324d2f654d65457173774f676b372f53562f4a46696f6f704e57593857647a4357676b507369704a51646c746c5939364f7a68785843676d58562f5469364c724d457a6837653459306773476479425745495952624d526a426c594f2f6b41732f77493767665067474c4a6a433352375568486c30634b77653079724272496559714f325a6c334f7035576b614259435155524a30794c426f6856427566544d472b506f574e36582b6e6a7031717772686f526f595843497949536478577857526c52524a6b515156614f74354d3147484c64726a4e6b453056466d52466b4d527251634574494759554d445264585a61364f515a59775949624830624267642b2b33436b3262633152646875716f6f677075716764745633513254695866492b65334345616f614739627461734e636e705256357736306d69585254377a4354323253436564315678564b346c66657a78773674644877617263716646493031692f784e4c74776b4f2b6255433136495a50504d4c3568536852464e55684b303970533553683070696d4436794a524e44514c414d686f527279653431346a5537556f644d34723356796c6f315633397258427a314530464b794656575158514a7a7241716531586d645732514250305441777561724b656b67347453507231626d7247792b65786f2b59374d3174545636722b6d4b65644f65415851766a654a3832727352614b68427a536b746e596e786f5952744c714254525779756443377648783234686d774367757a497870325a45414276586550464b4a454370544b772b2f364c686b33486b4665324d51535a5a675a694d77314d474d75504a36784d416d73704170724e734d6454437a3261386564476b417642566d574b6f31593278504936387674734651433355424553543559686c6378576a6d364c58392b50453634667a556242625477595363646439444c5869475968684741503839636678496661326166596f314d59416943546469625532324f7355752b7a414f6450386156784534624f6d4a6659615a574475783742487979366d6a465147477a7479314c54346552783450573879586e36643269516a594266474c4665532b56746f4b6f4a3561664f4779666a78752b707631342b6d6a534e474f7a5741723769714236625756776c496645554c57736a7a566666363258545951323377563431326369535a6c567170614a465639704b5a34386571657a3172356e6d444f715369647632515234394250636c434d4a58586574504d3830763169324752574a59367144467248354b30595a525972476637696846723831715057654458366d6f396846556a7a3574354d6177667361394b78324a4137383767706a72307632775738654e762f2f64376c5a7a652b7366662f7a6e7269466c4b6a4b593079307774735758313754454137542b393344575533466757427542414870315463345971554e4c5a306d2b5a386d537744596b785777624e3874616d7a732b6d2f5861644f54396e715262637738764d795743587238756962716c62386e5752475a6631704b705376784c31344a63482f667643757a4a4e573142366356556f434d4378705173662b6d417a376437583677505153616a6b517a596a6a77685a73785050464e6467636e496c2f31335263753562597346463239454d41456664497a2f3759444a6457447147684f3735524f74693065724c79397438496c6b67582f76735839526d505057464a4e577a32314f642f6f31597445454a32326b6830656b74375836663633536b68305462413069364b49724f4c616679317977707a58652b6e762f4f722f7950457a2b546e704871786c44396d4649364845647279577a75685a2b395836454f796437547643416b6d7562614643566565555a4a39733350666958394c324b6c4a4b52737a58797570462b49456c76756e69795854305252624c5a6c542b373732667354537663436b7561354c6f6b7971334c496c4b4a394e706d307a4c502f6b4564576651394b6d397a4c63306c68624c6265363269376c2f7141466f655555484c5269696831376f6b5479367176667a5731764f444a337a307653746b63714c6d6b79476b447839366a61422f6170345a53636c30573562373375384f6e50376463373854704a3036655778576c33754b5358486d30492b2f2b6c566f43326b3549433971775365703152626e564635503737356e5454315a6c65764b4a777963507650794b7148434a4f616145675a4157326161427a704550766174554c7141485644543764517a57525a58762f54773762672b584f4a42536971555963434c7669774b76686337534f3035322f686a51386f6e7163746c766943717239662f452f486579574a586c53677a5658437248414e796676614f35636f4657544f5530784351784b36752b4d47585673563453316435697961334c5261466e415076656671783948545756796f4d337a6355445555502b7631316c66764738714e616c57533466657343424851314c6b356c412f2f7a62334f7739774b52795139634f74437858794d7a55465457655031655336735876695472726e4c4c54584a77612b5245565257336730496665547245414c6149796b542f6d68416d644569346e316b577435786648374f583656484a707a484c46304867756d42544c467266513258484a7a682b46627063564b764a6a7a70686f55324c43306b41304a667435633633554c7052367374314e3369364969684e686f4c657a2f62454577796d72564d4135423643457a5a4c6446513157667a50644948393452545335504139425a4d4c69426232515646456632456e4a66745a424f36514665336f784b35412b6d44366e726f686d723578373852643571577033595a354c68384d464931767478774134756f4e63787743303166367a78377a6f6f665142437a697a4c687164755872742b6733527147767a54457a55556e506c79536a6e493748552f4e6b4979323742326c59716538524644304432366a7a7657364c427a5775334574647669775a334f4563452b467771747664514a6a5267526567306a6469484f6b5a497470462f48766863536b7566415a36704f54756b753964765a61356462527975334e434745584156663069534a57766734566844726b4f49303972714a4c6b425637436735376b5364327062384662752b6c3152625975336377506f78516c5161785a6c79364346432f55726668724967712b6b4b7641414970656c70743178343934745258584a316c6a68796a5666717a63307338377930616c396e34386949696d43745366674f6b436f354f4c4c4e5a4f6c75742b746947577a77726267636233596146504b777148617038756a6a41367539794238556e2b4f4c5648693976566242662f634f46767a494f647348574f755a794b6572342f644e55756a52564e785577753034537a6b346a565263505a6674347175723232736c4d5336552b67796f4d66314e434f6b5446437a4f6c795a50684f687a375530574f537a6f6e6833724778382b316252566445642f506a31786c6a7377624335336b4d613058546a3635565878382b677a7735426f7661757067356f5579394978447833527733322b6d732f376f703774777075432f48367971417246466653436a6b5061655a3434727068316a4f363354514e4d513148505a4c73796f4964516b43704941374a664968724f55416f7a2f76414d335564384678334571764258682b7379473159556937703745415a736b3257596a6547704775653430635776494472775a62444d43464a71796a597a394369564938356f50694278735852626d484b43496953574d725863336636673939663342717a32484c496c4668537a323468353856637a3642687a4279483261377656537a446d4b534945784e6635337137494433306b41486f455130446c764a676554332b726353366479617635337a494c764c63324e554179394c61447748674270366537613778644d4a4b72366c2b746c75474d536447496269653254644e5a69654a3578473549315a50344463323569313535707053726a4e356f36344e58692b654758486b414b59745739336b427159356a466d794b5247586e723948594a4555634370713877353444364a6c5a3939685372443172566b706c48704a2f7861356c63465a4a566265692b314a774d314d5a384b5a74435247702f5437784a39316f655262334b77505743487447532b2b7a35753871635253334243354e2b3673695456654e4a356f4d447875317666486e416b6f59654a49316459597a686f7164726a5a4c6c6c6a4e3262567854764d51586432526857665a655572307436797563433159546a63544c4e355a6c4b78367666427a4c2f7370544533637835474a4164536f58795233623556744f32692f772b5843556948785476517a332f494553566178633352523551746a5a6d4164384343706b785837704a4958532b394e325a57754a5472344348654359647a746d7a453266583766346e596443493766316a714141414141456c46546b5375516d4343, 9000, 7),
(5061, 'N415634', 'Titane', 'Ismail', 'Oualid@gmail.com', 'Casablanca', 'C', 'Architecte 1er grade', 'Marocaine', '065432345', 'Casablanca', '2020-05-01', '1997-05-16', 'Génie civil', 'Homme', 0x646174613a696d6167652f6a7065673b6261736536342c2f396a2f34414151536b5a4a5267414241514541534142494141442f32774244414155444241514541775545424151464251554742777749427763484277384c43776b4d455138534568455045524554466877584578516146524552474345594768306448783866457863694a4349654a4277654878372f327742444151554642516347427734494341346546424555486834654868346548683465486834654868346548683465486834654868346548683465486834654868346548683465486834654868346548683465486834654868372f7767415243414341414941444153494141684542417845422f38514147774141415155424151414141414141414141414141414141514143417751464267662f7841415741514542415141414141414141414141414141414141414141514c2f3267414d417745414168414445414141416655584a77536949704353614f4c534a454144674d6249304467344a53464766425a5052664c5a70354b6d356c7a487653347a744c704169673137514f59344a43476543652f2b4f79656d5738653962627a4a47486d6674486b587273684356714261517568655375696550383439483567356a623263364b4d4f7a714a79486f584e644c616767494946575347516b6578342f443357486e755133666b794f68584d6e65644257735767454361576c4b6172594a354970687944446850502f582b646b34547648394d617236746d31427a527253777a4c57666f6c6d567268455049594c714b56695642435141515252574b7069376546724677777846782b4334326e3834546f786b567a66626e307a63584f37684a45597a2f7841416e45414143416745434267494341774141414141414141414241774945414155524268415345794177464345564d53496b51502f61414167424151414242514c2f41446b67416659396a4a775844554f497169313337566d77784c725546364e716c75462f31544f3064527632376c674a6d5a6d712b494173516e507272357774714d72796653795058445471774f70563177574d3247573636324c34642f7263512b7175766f34674e36717371637077666272563868627250465652484648715773793179564f7876705666737931476c3335314b44345461686e353331586634582b344f6a355356324b39694535796b4e6b417a752b49356a6c7253393672726e52556a4734367973334b7058644536326a416d48694d4849637078456f334f717061376c6c746375596d7378387078724c43712f694d4744427a346b72786149574c4b4d5532786262706c42536255507548694d47446e76766b3439516670596d4b756c78586934434f4a423338446b546b636a79327a624a726a4c436b354642774c41385468794a785139302f72452f5a686d2b45374350367a716a7a33476235754d33357a79702b6764734a787a4f6b4b7638416648793553735462414656746655795a6a436b3177796268474652336461363538615554764866446e2f2f454142515241514141414141414141414141414141414141414147442f3267414941514d424154384241662f454142595241414d41414141414141414141414141414141414141464155502f61414167424167454250774655532f2f454143345141414942416751454267494242514141414141414141454345514144456945774d51515451564551496a4a43595846416b53416a636f476873662f61414167424151414750774c386553515075704759315337734655626b3079634f7a4e64364e68794659376c393733393163367864754b41594d4749713169346d3431746e41644861636a313079535967623077666947613047386f32483672793247667363367874777a726e74687279384e63436d4d596a65726430635036556a50763371367436345775715a67397449707449696a62753534577a7243696744773270705870517479596156303769646559616935665266383169745846636642722b746552507331467536445671656c7a543475356877686751744e793750446a747a466d617a6a4d39424659304b672f4b7a6e536c2b5565384c45476878436578512f33303077597949333849754d526c4979706f78655865566a774d624b41447038356656614f4b755971346a744643382f4f323969656d6d4e735859507465337651756e49397175586d39375a615a567377636a543243665138353952536e6837697135364773563636727438554c57584d4c48416f704c593644554c34437a41376970424f48624f676d5049376d7561676d42414a6f6163436972356e72572f376f59763841565a436932703831754b3372766f542b455457652f68754e4b66456256654669326559686742762b30555344414f514d6d616b744833556c6e2b4a5866367038487156664b4b5a4c2b4756673556696d49334e4f75416744335546762f76755034662f4541435151415141434151514341674d42415141414141414141414541455345514d55465249474678675a4768735444422f396f41434145424141452f49534241682f6d7868447972794f31555a6369636d5479597768345a5165496f49776f464e6e642b3552744732797671567046733745784c7173594677557661764a68445544776f7134397a42382b5034684e34323444397435564432454b6d4546445338446957444b745a5a674a457649773350562b4c43477076504b64514973677033634f6c527752726170615a48346c5a74326c713477427332654c4238554456573331766375356a4465796536773351496258626d6c346d6d50637035566e386649594d47476c78646a4f37422f5a44564d5964306376715865386e4872346a75496a574c302b6f364931622b736570732b7450626834734745496142774e59646e6548577555713171587a397937394656696e353367716b586b666b48506d49616d347766497650396a4e6d6f4232785a5456442b4d617557526464685062477a416e734b7a325348742f78474e48566930476f507164487149514e487a47456c77305a68386252564d6870325275382b6f516d44507652315976495774694261516d664f757853533559774a4c5944764662797832665772474d63656b69687578515570544446744f78626555387a363254504a68766a4155714747734e56515869586d6e526a466f4b42305276434d3634374572595341636962314653744851744b2f4c516d37582b46356a47443652566b65416d794735734575486b7979346b3033664d4779355a334243787555646b695453796a6b6978635449535a766c56797466575a6776736846704b6a5442564844687a756544655949526b79424d2b6a654d684a6473574358446c735069356d4e70685a7431454f4d6a4279526854394255536965416e44314c364a6d77474a44635071503652666d662f3267414d41774541416741444141414145454850504c4a4450504d4b3131656c4e414a45584150334e484c4a41683343494c4e4a50555a4b464b48424950634e4b4a50474248434a4a4b4d4e4e44484349502f4541427352415141424251454141414141414141414141414141414541454245674d4446412f396f41434145444151452f454e53326972444a7162757a6d6151504a2f2f4541427352414149434177454141414141414141414141414141414552414341514d4445682f396f41434145434151452f454e524b684c7750616e5355562b7a6c7949427564762f4541435551415141434167494341674944415145414141414141414541455345785156455159584742494a47687363486838502f6141416742415141425078412b51454471562b4652496b534a4242424441676668366b32522b32445370593468365445317372796b53434343434234594434364f44327375586f677135436a54676f47575a336f7365675944346d59506252444b6e546b392f4d753365775879536c5776366e5a3135534a42422b44546849416771766a63643149744147686f5a666551647a433441416e7861695175586f51466175744f7578706a477a704a6c4c5856333879394d4c4749746d48574b2b574e514f50646f4c4b374d636666344d48687435523647704279303037707a5539445961684839796a4149494635422b535970496349595570526178714c657a3567524239574832546a7936386f594d76772f684e466f4b6b3846562b3433634e7030756c31634f4c2b416766736d565761305964526c657742316572334c4a79444870503671477646785975504f325254654959694146325430636e37334c7a3543764d4334584e566d3978474f734268522f71356852442f41457378776258694d63784631636a58464d634558685a4f3845623946726c366c566a714c466c78654a59696a68714b6b335447536d66772f714d7167427543774455774c71796c6656334d413231636e4a6b5966476f6f7174476f305a6c4c446b69753844484d5973754c4646354455577568384f47672f5367696278735856543851426b79716765774f46314d575942633579496d4c31397934445335454346374d7a4b5955545752456e366a344d646555764d53786d4b4f55557969306e5a736c37316a54306a334441744b5741706d345048506e384f657235686e745a637147306146767a4b76536233544c397473664269785433522b4178434d4551756775573733714a7564437768717a73374e79767865424e362b722f6d456262777368566e7538616f4f6479744f68396d49783846464c3672384b48774559417763673175474969307a54564b7a4956765864757a714538545562582f7972356d7a4147763148454c7446624e33582b7872557270376e45306a6d7961732b4b734c6759616d774e5a68304b5a6a4e545652752b2b34696e79466b75682f356a3133585471494446524348634e59686c79625a72694530384863476b69676e51777375582b4379345552397853714a754d7235547141797754314967546570797470726d46374845394c7839616837536d3161716741445a33505570397751454f6b35674449726450685151583354424b6d45796e2f73755733696f2b424a326f5239644d7a51324c6e3673686f736861476b722b61673258704a72494d46567262786947556e52354247794d4c336a736c466c4353626d7a303576563171413530307a48687370524d307757444273436868547375696f6a724969774d336a42303444455942374355553871363364392f4d664e6c4376696c634e49313156356c313172526a6d7132682f6b45584147304f3134696f426373732f396b3d, 9000, 1);

-- --------------------------------------------------------

--
-- Table structure for table `grade`
--

CREATE TABLE `grade` (
  `id_grade` int(11) NOT NULL,
  `lib_grade` varchar(255) NOT NULL,
  `lib_grade_ar` varchar(255) CHARACTER SET utf8 NOT NULL
) ENGINE=InnoDB DEFAULT CHARSET=latin1;

--
-- Dumping data for table `grade`
--

INSERT INTO `grade` (`id_grade`, `lib_grade`, `lib_grade_ar`) VALUES
(1, 'Technicien 1er grade', 'تقني من الدرجة الأولى '),
(2, 'Technicien 2èmme grade', ' تقني من الدرجة الثانية'),
(3, 'Technicien 3èmme grade ', 'تقني من الدرجة الثالتة'),
(4, 'Technicien 4èmme grade', 'تقني من الدرجة الرابعة '),
(9, 'Ingénieur 1er grade', 'مهندس من الدرجة الأولى'),
(10, 'Ingénieur principale', 'مهندس من الدرجة الممتازة'),
(11, 'Ingénieur en chef 1er grade', 'مهندس رئيس من الدرجة الأولى'),
(12, 'Ingénieur en chef principale', 'مهندس  رئيس من الدرجة الممتازة'),
(13, 'Architecte 1er grade', 'مهندس معماري من الدرجة الأولى'),
(14, 'Architecte principale', 'مهندس معماري من الدرجة الممتازة'),
(15, 'Architecte en chef 1er grade', 'مهندس معماري رئيس من الدرجة الأولى'),
(16, 'Architecte en chef principale', 'مهندس معماري  رئيس من الدرجة الممتازة'),
(17, 'Administrateur 1er grade', 'متصرف من الدرجة الأولى'),
(18, 'Administrateur 2èmme grade', 'متصرف من الدرجة الثانية'),
(19, 'Administrateur 3èmme grade', 'متصرف من الدرجة الثالتة'),
(20, 'Administrateur principale', 'متصرف ممتاز'),
(21, 'Administrateur ', 'متصرف'),
(22, 'Administrateur Adjoint', 'متصرف مساعد'),
(27, 'Adjoint administratif 1er grade', 'مساعد إداري من الدرجة الأولى'),
(28, 'Adjoint administratif 2émme grade', 'مساعد إداري من الدرجة الثانية '),
(29, 'Adjoint administratif 3émme grade', 'مساعد إداري من الدرجة الثالتة'),
(33, 'Ingénieur d\'application 1er grade', ' مهندس التطبيق من الدرجة الأولى'),
(34, 'Ingénieur d\'application principale', 'مهندس التطبيق من الدرجة الممتازة'),
(35, 'Administration Principal', 'متصرف رئيس'),
(36, 'Administrateur 2èmme classe', 'متصرف الداخلية من الدرجة الثانية '),
(37, 'Administrateur 1ere classe', 'متصرف الداخلية من الدرجة الأولى'),
(38, 'Administrateur classe exceptionnelle ', 'متصرف الداخلية  من الدرجة الممتازة'),
(39, 'Administrateur adjoint 2èmme classe', 'متصرف مساعد من الدرجة الثانية'),
(40, 'Administrateur adjoint 1ere classe', 'متصرف مساعد من الدرجة الأولى'),
(41, 'Administrateur adjoint classe exceptionnelle ', 'متصرف مساعد من الدرجة الممتازة');

-- --------------------------------------------------------

--
-- Table structure for table `hibernate_sequence`
--

CREATE TABLE `hibernate_sequence` (
  `next_val` bigint(20) DEFAULT NULL
) ENGINE=InnoDB DEFAULT CHARSET=latin1;

--
-- Dumping data for table `hibernate_sequence`
--

INSERT INTO `hibernate_sequence` (`next_val`) VALUES
(16112),
(16112);

-- --------------------------------------------------------

--
-- Table structure for table `jour_feriers`
--

CREATE TABLE `jour_feriers` (
  `id_ferier` bigint(20) NOT NULL,
  `date` date NOT NULL,
  `lib` varchar(255) NOT NULL,
  `id_annee` bigint(20) NOT NULL
) ENGINE=InnoDB DEFAULT CHARSET=latin1;

--
-- Dumping data for table `jour_feriers`
--

INSERT INTO `jour_feriers` (`id_ferier`, `date`, `lib`, `id_annee`) VALUES
(1, '2020-05-01', 'fête de travail', 2020),
(120, '2020-06-18', 'journée', 2020),
(15866, '2020-05-06', 'jounné', 2020);

-- --------------------------------------------------------

--
-- Table structure for table `notes`
--

CREATE TABLE `notes` (
  `id` bigint(20) NOT NULL,
  `note` float NOT NULL,
  `employee_id` bigint(20) NOT NULL,
  `id_annee` bigint(20) NOT NULL
) ENGINE=InnoDB DEFAULT CHARSET=latin1;

--
-- Dumping data for table `notes`
--

INSERT INTO `notes` (`id`, `note`, `employee_id`, `id_annee`) VALUES
(1, 16, 160, 2020),
(2, 18, 5061, 2019),
(3, 15, 5061, 2020);

-- --------------------------------------------------------

--
-- Table structure for table `permissions`
--

CREATE TABLE `permissions` (
  `id` bigint(20) NOT NULL,
  `created_at` datetime NOT NULL,
  `date_debut` datetime DEFAULT NULL,
  `date_fin` datetime DEFAULT NULL,
  `date_reprise` datetime DEFAULT NULL,
  `motif` varchar(255) NOT NULL,
  `status` varchar(255) NOT NULL,
  `type` varchar(255) NOT NULL,
  `updated_at` datetime DEFAULT NULL,
  `employee_id` bigint(20) NOT NULL
) ENGINE=InnoDB DEFAULT CHARSET=latin1;

--
-- Dumping data for table `permissions`
--

INSERT INTO `permissions` (`id`, `created_at`, `date_debut`, `date_fin`, `date_reprise`, `motif`, `status`, `type`, `updated_at`, `employee_id`) VALUES
(1159, '2020-06-23 01:19:43', '2020-06-24 01:19:00', '2020-06-25 01:19:00', '2020-06-25 01:19:00', 'malade', 'approuvé', 'maladie', '2020-06-23 02:38:49', 163);

-- --------------------------------------------------------

--
-- Table structure for table `promotions`
--

CREATE TABLE `promotions` (
  `id` bigint(20) NOT NULL,
  `employee_id` bigint(20) NOT NULL,
  `type` varchar(255) NOT NULL,
  `status` varchar(255) NOT NULL,
  `note_moyenne` float NOT NULL,
  `ac` int(11) NOT NULL,
  `nv` int(11) NOT NULL,
  `created_at` datetime NOT NULL,
  `updated_at` datetime DEFAULT NULL
) ENGINE=InnoDB DEFAULT CHARSET=latin1;

--
-- Dumping data for table `promotions`
--

INSERT INTO `promotions` (`id`, `employee_id`, `type`, `status`, `note_moyenne`, `ac`, `nv`, `created_at`, `updated_at`) VALUES
(16109, 160, 'avancement par ancienneté échelon', 'approuvé', 16, 112, 113, '2020-06-27 01:29:42', '2020-06-27 03:31:10'),
(16110, 5061, 'avancement par ancienneté échelon', 'demandé', 16.5, 119, 120, '2020-06-27 01:00:42', '2020-06-27 03:29:42');

-- --------------------------------------------------------

--
-- Table structure for table `reclassements`
--

CREATE TABLE `reclassements` (
  `id` bigint(20) NOT NULL,
  `date_reclassement` datetime DEFAULT NULL,
  `rec_exam` int(11) NOT NULL,
  `employee_id` bigint(20) NOT NULL,
  `id_cadre` int(11) NOT NULL,
  `id_echelle` int(11) NOT NULL,
  `id_grade` int(11) NOT NULL
) ENGINE=InnoDB DEFAULT CHARSET=latin1;

-- --------------------------------------------------------

--
-- Table structure for table `retraites`
--

CREATE TABLE `retraites` (
  `id` bigint(20) NOT NULL,
  `coti_mutuelle` int(11) NOT NULL,
  `coti_retraite` int(11) NOT NULL,
  `date_retraite` date DEFAULT NULL,
  `indice_difficulte` int(11) NOT NULL,
  `indice_familialle` int(11) NOT NULL,
  `indice_graduation` int(11) NOT NULL,
  `indice_residence` int(11) NOT NULL,
  `salaire_annuel_brut` int(11) NOT NULL,
  `salaire_base` int(11) NOT NULL,
  `salaire_mensuel_brut` int(11) NOT NULL,
  `salaire_mensuel_net` int(11) NOT NULL,
  `employee_id` bigint(20) NOT NULL,
  `id_caisse` bigint(20) NOT NULL
) ENGINE=InnoDB DEFAULT CHARSET=latin1;

-- --------------------------------------------------------

--
-- Table structure for table `services`
--

CREATE TABLE `services` (
  `id` bigint(20) NOT NULL,
  `name` varchar(255) NOT NULL,
  `description` varchar(255) CHARACTER SET utf8 NOT NULL
) ENGINE=InnoDB DEFAULT CHARSET=latin1;

--
-- Dumping data for table `services`
--

INSERT INTO `services` (`id`, `name`, `description`) VALUES
(1, 'Ressources humaines', 'الموارد البشرية'),
(2, 'Transports', 'النقل'),
(3, 'Hygiène', 'السلامة الصحية'),
(4, 'Affaires économique', 'الشؤون الإقتصادية'),
(5, 'Système d\'Informatique', 'النظام المعلوماتي'),
(7, 'Administrative', 'Service des affaires administratives'),
(8, 'directeur', 'direction'),
(28, 'Service d\'approvisionnement et de la logistique', 'Service d\'approvisionnement et de la logistique');

-- --------------------------------------------------------

--
-- Table structure for table `solde_jour_ouvrable`
--

CREATE TABLE `solde_jour_ouvrable` (
  `id` bigint(20) NOT NULL,
  `solde` int(11) NOT NULL,
  `employee_id` bigint(20) NOT NULL,
  `id_annee` bigint(20) NOT NULL
) ENGINE=InnoDB DEFAULT CHARSET=latin1;

--
-- Dumping data for table `solde_jour_ouvrable`
--

INSERT INTO `solde_jour_ouvrable` (`id`, `solde`, `employee_id`, `id_annee`) VALUES
(15851, 22, 163, 2006),
(15854, 10, 160, 2020);

-- --------------------------------------------------------

--
-- Table structure for table `type_avancements`
--

CREATE TABLE `type_avancements` (
  `id` bigint(20) NOT NULL,
  `type` varchar(255) DEFAULT NULL,
  `nb_mois` int(11) NOT NULL,
  `ac` int(11) DEFAULT NULL,
  `nv` int(11) DEFAULT NULL,
  `note_min` float NOT NULL,
  `note_max` float NOT NULL
) ENGINE=InnoDB DEFAULT CHARSET=latin1;

--
-- Dumping data for table `type_avancements`
--

INSERT INTO `type_avancements` (`id`, `type`, `nb_mois`, `ac`, `nv`, `note_min`, `note_max`) VALUES
(1, 'rapide', 12, 1, 2, 16, 20),
(2, 'rapide', 12, 2, 3, 16, 20),
(3, 'rapide', 24, 3, 4, 16, 20),
(4, 'rapide', 24, 4, 5, 16, 20),
(5, 'rapide', 24, 5, 6, 16, 20),
(6, 'rapide', 36, 6, 7, 16, 20),
(7, 'rapide', 36, 7, 8, 16, 20),
(8, 'rapide', 36, 8, 9, 16, 20),
(9, 'rapide', 48, 9, 10, 16, 20),
(10, 'rapide', 36, 10, 11, 16, 20),
(11, 'rapide', 36, 11, 12, 16, 20),
(12, 'rapide', 36, 12, 13, 16, 20),
(13, 'moyen', 12, 1, 2, 10, 15.99),
(14, 'moyen', 18, 2, 3, 10, 15.99),
(15, 'moyen', 30, 3, 4, 10, 15.99),
(16, 'moyen', 30, 4, 5, 10, 15.99),
(17, 'moyen', 30, 5, 6, 10, 15.99),
(18, 'moyen', 42, 6, 7, 10, 15.99),
(19, 'moyen', 42, 7, 8, 10, 15.99),
(20, 'moyen', 48, 8, 9, 10, 15.99),
(21, 'moyen', 60, 9, 10, 10, 15.99),
(22, 'moyen', 36, 10, 11, 10, 15.99),
(23, 'moyen', 36, 11, 12, 10, 15.99),
(24, 'moyen', 36, 12, 13, 10, 15.99),
(25, 'long', 12, 1, 2, 0, 9.99),
(26, 'long', 24, 2, 3, 0, 9.99),
(27, 'long', 36, 3, 4, 0, 9.99),
(28, 'long', 42, 4, 5, 0, 9.99),
(29, 'long', 42, 5, 6, 0, 9.99),
(30, 'long', 48, 6, 7, 0, 9.99),
(31, 'long', 48, 7, 8, 0, 9.99),
(32, 'long', 54, 8, 9, 0, 9.99),
(33, 'long', 66, 9, 10, 0, 9.99),
(34, 'long', 36, 10, 11, 0, 9.99),
(35, 'long', 36, 11, 12, 0, 9.99),
(36, 'long', 36, 12, 13, 0, 9.99),
(37, 'rapide', 12, 1, 2, 16, 20),
(38, 'rapide', 12, 2, 3, 16, 20),
(39, 'rapide', 24, 3, 4, 16, 20),
(40, 'rapide', 24, 4, 5, 16, 20),
(41, 'rapide', 24, 5, 6, 16, 20),
(42, 'rapide', 36, 6, 7, 16, 20),
(43, 'rapide', 36, 7, 8, 16, 20),
(44, 'rapide', 36, 8, 9, 16, 20),
(45, 'rapide', 48, 9, 10, 16, 20),
(46, 'rapide', 24, 10, 11, 16, 20),
(47, 'moyen', 12, 1, 2, 10, 15.99),
(48, 'moyen', 18, 2, 3, 10, 15.99),
(49, 'moyen', 30, 3, 4, 10, 15.99),
(50, 'moyen', 30, 4, 5, 10, 15.99),
(51, 'moyen', 30, 5, 6, 10, 15.99),
(52, 'moyen', 42, 6, 7, 10, 15.99),
(53, 'moyen', 42, 7, 8, 10, 15.99),
(54, 'moyen', 48, 8, 9, 10, 15.99),
(55, 'moyen', 60, 9, 10, 10, 15.99),
(56, 'moyen', 24, 10, 11, 10, 15.99),
(57, 'long', 12, 1, 2, 0, 9.99),
(58, 'long', 24, 2, 3, 0, 9.99),
(59, 'long', 36, 3, 4, 0, 9.99),
(60, 'long', 42, 4, 5, 0, 9.99),
(61, 'long', 42, 5, 6, 0, 9.99),
(62, 'long', 48, 6, 7, 0, 9.99),
(63, 'long', 48, 7, 8, 0, 9.99),
(64, 'long', 54, 8, 9, 0, 9.99),
(65, 'long', 66, 9, 10, 0, 9.99),
(66, 'long', 24, 10, 11, 0, 9.99),
(67, 'rapide', 36, 1, 2, 0, 20),
(68, 'rapide', 36, 2, 3, 0, 20),
(69, 'rapide', 36, 3, 4, 0, 20),
(70, 'rapide', 36, 4, 5, 0, 20),
(71, 'rapide', 36, 5, 6, 0, 20),
(72, 'rapide', 36, 6, 7, 0, 20),
(73, 'rapide', 36, 7, 8, 0, 20),
(74, 'rapide', 36, 8, 9, 0, 20),
(75, 'rapide', 24, 1, 2, 16, 20),
(76, 'rapide', 36, 2, 3, 16, 20),
(77, 'rapide', 36, 3, 4, 16, 20),
(78, 'rapide', 36, 4, 5, 16, 20),
(79, 'rapide', 36, 5, 6, 16, 20),
(80, 'moyen', 30, 1, 2, 10, 15.99),
(81, 'moyen', 42, 2, 3, 10, 15.99),
(82, 'moyen', 48, 3, 4, 10, 15.99),
(83, 'moyen', 48, 4, 5, 10, 15.99),
(84, 'moyen', 48, 5, 6, 10, 15.99),
(85, 'long', 30, 1, 2, 0, 9.99),
(86, 'long', 42, 2, 3, 0, 9.99),
(87, 'long', 48, 3, 4, 0, 9.99),
(88, 'long', 48, 4, 5, 0, 9.99),
(89, 'long', 48, 5, 6, 0, 9.99),
(90, 'rapide', 12, 1, 2, 16, 20),
(91, 'rapide', 12, 2, 3, 16, 20),
(92, 'rapide', 24, 3, 4, 16, 20),
(93, 'rapide', 24, 4, 5, 16, 20),
(94, 'moyen', 12, 1, 2, 10, 15.99),
(95, 'moyen', 18, 2, 3, 10, 15.99),
(96, 'moyen', 30, 3, 4, 10, 15.99),
(97, 'moyen', 30, 4, 5, 10, 15.99),
(98, 'long', 12, 1, 2, 0, 9.99),
(99, 'long', 24, 2, 3, 0, 9.99),
(100, 'long', 36, 3, 4, 0, 9.99),
(101, 'long', 36, 4, 5, 0, 10);

-- --------------------------------------------------------

--
-- Table structure for table `user`
--

CREATE TABLE `user` (
  `user_id` int(11) NOT NULL,
  `password` varchar(255) DEFAULT NULL,
  `username` varchar(255) DEFAULT NULL
) ENGINE=InnoDB DEFAULT CHARSET=latin1;

--
-- Dumping data for table `user`
--

INSERT INTO `user` (`user_id`, `password`, `username`) VALUES
(1, 'ADMIN', 'ADMIN');

--
-- Indexes for dumped tables
--

--
-- Indexes for table `absences`
--
ALTER TABLE `absences`
  ADD PRIMARY KEY (`id`),
  ADD KEY `FKlklcclr8g2uoy15595kww1uo8` (`employee_id`),
  ADD KEY `FK3wbh275mug0j1eep3ok6n3pu` (`id_annee`),
  ADD KEY `FKi74nex2u5kxw8u1p52eqrw4iy` (`id_absence`);

--
-- Indexes for table `absence_type`
--
ALTER TABLE `absence_type`
  ADD PRIMARY KEY (`id_absence`);

--
-- Indexes for table `affecter_echelon`
--
ALTER TABLE `affecter_echelon`
  ADD PRIMARY KEY (`id`),
  ADD KEY `FKo5f5mxx4vg96k1o6lcpjtsmfx` (`employee_id`),
  ADD KEY `FK84udbhq1jb9mv6wooy925l730` (`id_echelon`);

--
-- Indexes for table `affecter_type_avancements`
--
ALTER TABLE `affecter_type_avancements`
  ADD PRIMARY KEY (`id_echelon`,`type`),
  ADD UNIQUE KEY `id` (`id`),
  ADD KEY `FK1qa6p1qpl6y2rglreni4j0o2u` (`type`),
  ADD KEY `id_echelon` (`id_echelon`);

--
-- Indexes for table `annees`
--
ALTER TABLE `annees`
  ADD PRIMARY KEY (`id_annee`);

--
-- Indexes for table `cadre`
--
ALTER TABLE `cadre`
  ADD PRIMARY KEY (`id_cadre`);

--
-- Indexes for table `caisse_retraite`
--
ALTER TABLE `caisse_retraite`
  ADD PRIMARY KEY (`id_caisse`);

--
-- Indexes for table `demandes`
--
ALTER TABLE `demandes`
  ADD PRIMARY KEY (`id`),
  ADD KEY `FKqxd5peob5biedthb8w7jxn0gy` (`employee_id`);

--
-- Indexes for table `echelle`
--
ALTER TABLE `echelle`
  ADD PRIMARY KEY (`id_echelon`);

--
-- Indexes for table `echelon`
--
ALTER TABLE `echelon`
  ADD PRIMARY KEY (`id_echelon`),
  ADD KEY `FK589s1kxm79vkux8p8u6v2v8gv` (`id_cadre`),
  ADD KEY `FK3udwvpbga4i2dkweork509d51` (`id_echelle`),
  ADD KEY `FKjrhdkw8ksbmduitq8eqwsfv3d` (`id_grade`);

--
-- Indexes for table `employees`
--
ALTER TABLE `employees`
  ADD PRIMARY KEY (`id`),
  ADD UNIQUE KEY `UK_xmf3rjl19x0vgsjuoydgbrp0` (`cin`),
  ADD KEY `FKmgme1079ddibmdds9er5il9yr` (`service_id`);

--
-- Indexes for table `grade`
--
ALTER TABLE `grade`
  ADD PRIMARY KEY (`id_grade`);

--
-- Indexes for table `jour_feriers`
--
ALTER TABLE `jour_feriers`
  ADD PRIMARY KEY (`id_ferier`),
  ADD KEY `FKlfpphmcmkopyura67etpnx8vu` (`id_annee`);

--
-- Indexes for table `notes`
--
ALTER TABLE `notes`
  ADD PRIMARY KEY (`id`),
  ADD KEY `FKsli9vig4wq94kn8yjshsjn2c` (`employee_id`),
  ADD KEY `FKsh6rpvql9qgonnh93akk7iswr` (`id_annee`);

--
-- Indexes for table `permissions`
--
ALTER TABLE `permissions`
  ADD PRIMARY KEY (`id`),
  ADD KEY `FKm09epjitijdx93h3y853emkfr` (`employee_id`);

--
-- Indexes for table `promotions`
--
ALTER TABLE `promotions`
  ADD PRIMARY KEY (`id`),
  ADD KEY `FKnqxsxr577uu1rnjwlq7a9qc84` (`employee_id`);

--
-- Indexes for table `reclassements`
--
ALTER TABLE `reclassements`
  ADD PRIMARY KEY (`id`),
  ADD KEY `FKf6lu8dak16xbc7l3r3yk8qgra` (`employee_id`),
  ADD KEY `FKnxwckiwntxw571hc41l0ta8cx` (`id_cadre`),
  ADD KEY `FKeid73dke4gx245exjs3h6c778` (`id_echelle`),
  ADD KEY `FKf3kclkln0sydy4fyl3le6irmp` (`id_grade`);

--
-- Indexes for table `retraites`
--
ALTER TABLE `retraites`
  ADD PRIMARY KEY (`id`),
  ADD KEY `FK5m64cyagxecv144f1bi0010y1` (`employee_id`),
  ADD KEY `FKtdbeqg13mnpuwwr5w4wwyyriw` (`id_caisse`);

--
-- Indexes for table `services`
--
ALTER TABLE `services`
  ADD PRIMARY KEY (`id`);

--
-- Indexes for table `solde_jour_ouvrable`
--
ALTER TABLE `solde_jour_ouvrable`
  ADD PRIMARY KEY (`id`),
  ADD KEY `FK43h1xlpdhfhvqo6w0xdv72dpm` (`employee_id`),
  ADD KEY `FKruamtfl982l5dqa3g6ku8btng` (`id_annee`);

--
-- Indexes for table `type_avancements`
--
ALTER TABLE `type_avancements`
  ADD PRIMARY KEY (`id`);

--
-- Indexes for table `user`
--
ALTER TABLE `user`
  ADD PRIMARY KEY (`user_id`);

--
-- AUTO_INCREMENT for dumped tables
--

--
-- AUTO_INCREMENT for table `affecter_type_avancements`
--
ALTER TABLE `affecter_type_avancements`
  MODIFY `id` int(11) NOT NULL AUTO_INCREMENT, AUTO_INCREMENT=587;

--
-- AUTO_INCREMENT for table `user`
--
ALTER TABLE `user`
  MODIFY `user_id` int(11) NOT NULL AUTO_INCREMENT, AUTO_INCREMENT=2;

--
-- Constraints for dumped tables
--

--
-- Constraints for table `absences`
--
ALTER TABLE `absences`
  ADD CONSTRAINT `FK3wbh275mug0j1eep3ok6n3pu` FOREIGN KEY (`id_annee`) REFERENCES `annees` (`id_annee`),
  ADD CONSTRAINT `FKi74nex2u5kxw8u1p52eqrw4iy` FOREIGN KEY (`id_absence`) REFERENCES `absence_type` (`id_absence`),
  ADD CONSTRAINT `FKlklcclr8g2uoy15595kww1uo8` FOREIGN KEY (`employee_id`) REFERENCES `employees` (`id`);

--
-- Constraints for table `affecter_echelon`
--
ALTER TABLE `affecter_echelon`
  ADD CONSTRAINT `FK84udbhq1jb9mv6wooy925l730` FOREIGN KEY (`id_echelon`) REFERENCES `echelon` (`id_echelon`),
  ADD CONSTRAINT `FKo5f5mxx4vg96k1o6lcpjtsmfx` FOREIGN KEY (`employee_id`) REFERENCES `employees` (`id`);

--
-- Constraints for table `affecter_type_avancements`
--
ALTER TABLE `affecter_type_avancements`
  ADD CONSTRAINT `FK1qa6p1qpl6y2rglreni4j0o2u` FOREIGN KEY (`type`) REFERENCES `type_avancements` (`id`),
  ADD CONSTRAINT `FKsfb536a0a8nd6s02w45jnmp5o` FOREIGN KEY (`id_echelon`) REFERENCES `echelon` (`id_echelon`);

--
-- Constraints for table `demandes`
--
ALTER TABLE `demandes`
  ADD CONSTRAINT `FKqxd5peob5biedthb8w7jxn0gy` FOREIGN KEY (`employee_id`) REFERENCES `employees` (`id`);

--
-- Constraints for table `echelon`
--
ALTER TABLE `echelon`
  ADD CONSTRAINT `FK3udwvpbga4i2dkweork509d51` FOREIGN KEY (`id_echelle`) REFERENCES `echelle` (`id_echelon`),
  ADD CONSTRAINT `FK589s1kxm79vkux8p8u6v2v8gv` FOREIGN KEY (`id_cadre`) REFERENCES `cadre` (`id_cadre`),
  ADD CONSTRAINT `FKjrhdkw8ksbmduitq8eqwsfv3d` FOREIGN KEY (`id_grade`) REFERENCES `grade` (`id_grade`);

--
-- Constraints for table `employees`
--
ALTER TABLE `employees`
  ADD CONSTRAINT `FKmgme1079ddibmdds9er5il9yr` FOREIGN KEY (`service_id`) REFERENCES `services` (`id`);

--
-- Constraints for table `jour_feriers`
--
ALTER TABLE `jour_feriers`
  ADD CONSTRAINT `FKlfpphmcmkopyura67etpnx8vu` FOREIGN KEY (`id_annee`) REFERENCES `annees` (`id_annee`);

--
-- Constraints for table `notes`
--
ALTER TABLE `notes`
  ADD CONSTRAINT `FKsh6rpvql9qgonnh93akk7iswr` FOREIGN KEY (`id_annee`) REFERENCES `annees` (`id_annee`),
  ADD CONSTRAINT `FKsli9vig4wq94kn8yjshsjn2c` FOREIGN KEY (`employee_id`) REFERENCES `employees` (`id`);

--
-- Constraints for table `permissions`
--
ALTER TABLE `permissions`
  ADD CONSTRAINT `FKm09epjitijdx93h3y853emkfr` FOREIGN KEY (`employee_id`) REFERENCES `employees` (`id`);

--
-- Constraints for table `promotions`
--
ALTER TABLE `promotions`
  ADD CONSTRAINT `FKnqxsxr577uu1rnjwlq7a9qc84` FOREIGN KEY (`employee_id`) REFERENCES `employees` (`id`);

--
-- Constraints for table `reclassements`
--
ALTER TABLE `reclassements`
  ADD CONSTRAINT `FKeid73dke4gx245exjs3h6c778` FOREIGN KEY (`id_echelle`) REFERENCES `echelle` (`id_echelon`),
  ADD CONSTRAINT `FKf3kclkln0sydy4fyl3le6irmp` FOREIGN KEY (`id_grade`) REFERENCES `grade` (`id_grade`),
  ADD CONSTRAINT `FKf6lu8dak16xbc7l3r3yk8qgra` FOREIGN KEY (`employee_id`) REFERENCES `employees` (`id`),
  ADD CONSTRAINT `FKnxwckiwntxw571hc41l0ta8cx` FOREIGN KEY (`id_cadre`) REFERENCES `cadre` (`id_cadre`);

--
-- Constraints for table `retraites`
--
ALTER TABLE `retraites`
  ADD CONSTRAINT `FK5m64cyagxecv144f1bi0010y1` FOREIGN KEY (`employee_id`) REFERENCES `employees` (`id`),
  ADD CONSTRAINT `FKtdbeqg13mnpuwwr5w4wwyyriw` FOREIGN KEY (`id_caisse`) REFERENCES `caisse_retraite` (`id_caisse`);

--
-- Constraints for table `solde_jour_ouvrable`
--
ALTER TABLE `solde_jour_ouvrable`
  ADD CONSTRAINT `FK43h1xlpdhfhvqo6w0xdv72dpm` FOREIGN KEY (`employee_id`) REFERENCES `employees` (`id`),
  ADD CONSTRAINT `FKruamtfl982l5dqa3g6ku8btng` FOREIGN KEY (`id_annee`) REFERENCES `annees` (`id_annee`);
COMMIT;

/*!40101 SET CHARACTER_SET_CLIENT=@OLD_CHARACTER_SET_CLIENT */;
/*!40101 SET CHARACTER_SET_RESULTS=@OLD_CHARACTER_SET_RESULTS */;
/*!40101 SET COLLATION_CONNECTION=@OLD_COLLATION_CONNECTION */;
